id,name,relative_velocity_kph,estimated_diameter_min_m,estimated_diameter_max_m,is_potentially_hazardous
2000433,433 Eros (A898 PA),20083.0290749201,22210.3282245866,49663.8037127578,False
2000719,719 Albert (A911 TB),12405.7044108262,2025.6060086475,4529.3927309679,False
2000887,887 Alinda (A918 AA),25545.5052660401,4597.8518827937,10281.1093604022,False
2001036,1036 Ganymed (A924 UB),22693.9190798868,38775.2830381188,86704.1687200281,False
2001221,1221 Amor (1932 EA1),38772.6266119612,892.3905786578,1995.4459963592,False
2001566,1566 Icarus (1949 MA),97229.0019638462,1313.877806011,2937.9200883689,True
2001580,1580 Betulia (1950 KA),40887.5570163403,3180.9363322147,7112.7898709308,False
2001620,1620 Geographos (1951 RA),42346.1215537798,2347.2263753125,5248.5577337793,True
2001627,1627 Ivar (1929 SH),23579.5337516656,7354.5308935038,16445.2310204968,False
2001685,1685 Toro (1948 OA),58086.2957259164,3703.0107822286,8280.1838304779,False
2001862,1862 Apollo (1932 HA),41906.5693097868,1616.4228333988,3614.4313358626,True
2001863,1863 Antinous (1948 EA),65086.24556489,2150.5769000161,4808.8361392769,False
2001864,1864 Daedalus (1971 FA),76038.4446268147,2861.2445378281,6397.9372868336,False
2001865,1865 Cerberus (1971 UA),74066.4032508634,1165.6145946859,2606.3934692836,False
2001866,1866 Sisyphus (1972 XA),83065.5643185418,8483.1076188578,18968.8052962125,False
2001915,1915 Quetzalcoatl (1953 EA),54435.5501077667,560.4733622523,1253.2565375739,False
2001917,1917 Cuyo (1968 AA),54844.1633676078,3536.3478429858,7907.5141690009,False
2001943,1943 Anteros (1973 EC),25928.2922769969,1934.4387204589,4325.5364772538,False
2001981,1981 Midas (1973 EA),113050.5244038871,2368.9449935595,5297.1220405568,True
2002059,2059 Baboquivari (1963 UA),11660.413999084,1692.6024945732,3784.7742367515,False
2002061,2061 Anza (1960 UA),24822.4379348126,1214.9404079963,2716.6893408911,False
2002062,2062 Aten (1976 AA),40567.7550002054,1005.900390178,2249.2616510316,False
2002063,2063 Bacchus (1977 HB),37400.8037755259,960.6274148961,2148.0282007576,False
2002100,2100 Ra-Shalom (1978 RA),64782.4604639458,1494.7032423559,3342.2580560972,False
2002101,2101 Adonis (1936 CA),69587.3878906057,485.9090374507,1086.5256386213,True
2002102,2102 Tantalus (1975 YA),122044.0246634538,1677.0846216284,3750.0752179805,True
2002135,2135 Aristaeus (1977 HA),98776.0299183462,652.4616297891,1458.9485569187,True
2002201,2201 Oljato (1947 XC),91244.2563877579,2293.7969799646,5129.0859737846,True
2002202,2202 Pele (1972 RA),23378.1491064097,1067.9599752365,2388.0311018778,False
2002212,2212 Hephaistos (1978 SB),105916.1252755237,5303.4072331873,11858.7790857708,False
2002329,2329 Orthos (1976 WA),84326.1161612828,3225.1875645359,7211.7386344893,False
2002340,2340 Hathor (1976 UA),62969.6371285868,218.0494404829,487.5733713755,True
2002608,2608 Seneca (1978 DA),61685.3221529083,848.3107618858,1896.8805296212,False
2003102,3102 Krok (1981 QA),22059.162417704,1557.9552412783,3483.6938254003,False
2003103,3103 Eger (1982 BB),61046.8923943937,2315.0212221033,5176.5448219775,False
2003122,3122 Florence (1981 ET3),50235.8172642385,4060.2705827968,9079.0410301763,True
2003199,3199 Nefertiti (1982 RA),48319.8957470977,2670.26877056,5970.9024891669,False
2003200,3200 Phaethon (1983 TB),121960.0409436022,3520.0998005474,7871.1824416075,True
2003271,3271 Ul (1982 RB),49212.9810286286,1289.8968334309,2884.2970035133,False
2003288,3288 Seleucus (1982 DV),23403.1851156365,2272.7673228475,5082.0622309272,False
2003360,3360 Syrinx (1981 VA),81229.6047384436,1646.4743775541,3681.6286314226,False
2003361,3361 Orpheus (1982 HR),46647.371583895,325.5029857646,727.8468030489,True
2003362,3362 Khufu (1984 QA),108037.2079069855,525.4785303417,1175.0057145608,True
2003551,3551 Verenia (1983 RD),28810.4493363313,1203.8017673838,2691.7825833046,False
2003552,3552 Don Quixote (1983 SA),42666.7792311486,6554.7325583689,14656.8275748439,False
2003554,3554 Amun (1986 EB),53593.3830688232,1748.0545316907,3908.768761237,False
2003671,3671 Dionysus (1984 KD),11968.349214867,1338.3046181583,2992.5401008038,True
2003752,3752 Camillo (1985 PA),104764.572416205,2480.5899315184,5546.7677111767,False
2003753,3753 Cruithne (1986 TO),59753.2388406106,2170.4759430711,4853.331752235,False
2003757,3757 Anagolay (1982 XB),39218.822832244,419.3290754861,937.648317729,True
2003838,3838 Epona (1986 WA),71162.251793069,1988.6345323586,4446.7219967574,False
2003908,3908 Nyx (1980 PA),34977.2122420762,860.111940119,1923.2687663652,False
2003988,3988 Huma (1986 LA),26387.9652914671,686.3647586707,1534.7582577479,False
2004015,4015 Wilson-Harrington (1979 VA),31701.5587859076,1536.5792940044,3435.8957542125,True
2004034,4034 Vishnu (1986 PA),54636.603857698,532.7886648737,1191.3516722989,True
2004179,4179 Toutatis (1989 AC),44403.6132967565,2325.7068745545,5200.4386672425,True
2004183,4183 Cuno (1959 LM),64644.5647621966,3913.4066314662,8750.6432515568,True
2004197,4197 Morpheus (1982 TA),102825.7414115641,2694.9764632881,6026.1505696741,False
2004257,4257 Ubasti (1987 QA),81454.5427210988,1692.6024945732,3784.7742367515,False
2004341,4341 Poseidon (1987 KF),66353.2916553486,1616.4228333988,3614.4313358626,False
2004401,4401 Aditi (1985 TB),64479.1659029158,1586.9197917398,3548.4605291701,False
2004450,4450 Pan (1987 SY),77122.7410916552,930.1542539614,2079.8881414182,True
2004486,4486 Mithra (1987 SB),79937.7172743942,2007.0351411347,4487.8670088081,True
2004503,4503 Cleobulus (1989 WM),16637.0806834172,1822.0277059112,4074.1778073054,False
2004544,4544 Xanthus (1989 FB),29616.6967890971,892.3905786578,1995.4459963592,False
2004581,4581 Asclepius (1989 FC),45510.4484717792,189.0405519291,422.7075246174,True
2004596,4596 (1981 QB),88491.390213978,1363.185558649,3048.1755750853,False
2004660,4660 Nereus (1982 DB),19961.5141789709,472.6666671883,1056.9147985314,True
2004688,4688 (1980 WF),57458.0158972366,319.5618867213,714.5621017269,False
2004769,4769 Castalia (1989 PB),56391.4056449794,880.1465209007,1968.067450894,True
2004947,4947 Ninkasi (1988 TJ1),26812.4331091605,640.5528629449,1432.3197447269,False
2004953,4953 (1990 MU),68455.1119614343,2809.0209394899,6281.1617709197,True
2004954,4954 Eric (1990 SQ),45096.7453109255,8176.2653335808,18282.6850879617,False
2004957,4957 Brucemurray (1990 XJ),55183.3322737817,2597.4965333005,5808.1788197801,False
2005011,5011 Ptah (6743 P-L),55202.4690946434,1237.527836584,2767.1963666501,True
2005131,5131 (1990 BG),92816.1782603266,2874.4514425499,6427.4688235639,False
2005143,5143 Heracles (1991 VL),21807.3491323855,4097.8398039399,9163.0483625141,False
2005189,5189 (1990 UQ),39386.5977363408,718.7121331801,1607.0891860447,True
2005324,5324 Lyapunov (1987 SL),44615.1419276587,2262.3249055419,5058.7122759825,False
2005370,5370 Taranis (1986 RA),47562.8907134484,2390.8645717068,5346.1357073324,False
2005381,5381 Sekhmet (1991 JY),83186.5737525934,1203.8017673838,2691.7825833046,False
2005496,5496 (1973 NA),137212.7488058387,1565.1464359352,3499.7738254925,False
2005587,5587 (1990 SB),12816.2993334355,4431.5430909607,9909.2315966077,False
2005590,5590 (1990 VA),46599.5205997074,277.0479727327,619.4981000589,False
2005604,5604 (1992 FE),53557.6578926263,888.2904163894,1986.2777548083,True
2005626,5626 Melissabrucker (1991 FE),34036.9586769462,3618.7199659945,8091.7038354994,False
2005645,5645 (1990 SP),68406.7528646006,951.8203298188,2128.3349598411,False
2005646,5646 (1990 TR),18500.5154889792,2101.6237932235,4699.3736647788,False
2005653,5653 Camarillo (1992 WD5),31398.2309689497,1515.4966357222,3388.7534971471,False
2005660,5660 (1974 MA),134061.6690835837,2231.2846441686,4989.3041415123,False
2005693,5693 (1993 EA),91186.1940440056,1170.9948272004,2618.4240349208,True
2005731,5731 Zeus (1988 VP4),19388.6906637065,2140.6958967071,4786.741544192,False
2005797,5797 Bivoj (1980 AA),23566.4196796821,443.1543090961,990.9231596608,False
2005836,5836 (1993 MF),8910.6003372428,2670.26877056,5970.9024891669,False
2005863,5863 Tara (1983 RB),47641.1715547628,1805.3232554965,4036.8255206513,False
2005869,5869 Tanith (1988 VN4),34859.9564357334,956.213732844,2138.1589076579,False
2005879,5879 Almeria (1992 CH1),41877.7807783932,799.0150812386,1786.652036697,False
2006037,6037 (1988 EG),36707.6487448541,449.3191996308,1004.7082739702,True
2006047,6047 (1991 TB1),76660.0150309794,718.7121331801,1607.0891860447,False
2006050,6050 Miwablock (1992 AE),24146.6175955972,2732.4673204202,6109.9826747562,False
2006053,6053 (1993 BW3),56804.5616452664,2538.370293645,5675.9685286563,False
2006063,6063 Jason (1984 KB),106963.825040856,1661.7090173978,3715.6943217258,False
2006178,6178 (1986 DA),17488.0171963587,1916.7036796681,4285.879720462,False
2006239,6239 Minos (1989 QF),67001.0348763421,508.8092248706,1137.7320143896,True
2006456,6456 Golombek (1992 OM),15500.0513389748,1631.379409728,3647.8752572453,False
2006489,6489 Golevka (1991 JX),42274.3614137096,380.6755436269,851.2163929215,True
2006491,6491 (1991 OA),21485.4831962423,479.2421155205,1071.6179479846,True
2006569,6569 Ondaatje (1993 MO),42519.5585528749,1254.7435636786,2805.6919027157,False
2006611,6611 (1993 VW),48120.1799515211,1149.6217628911,2570.6324102375,False
2007025,7025 (1993 QA),51029.2348546453,643.5095206225,1438.9310322802,False
2007088,7088 Ishtar (1992 AA),17212.4363619469,1139.0819672164,2547.06471064,False
2007092,7092 Cadmus (1992 LC),77797.5374791624,2515.0983749103,5623.9309363986,False
2007236,7236 (1987 PA),38371.3590827297,576.1757510611,1288.3681463596,False
2007335,7335 (1989 JA),53780.4619486362,766.5755735311,1714.1150923063,True
2007336,7336 Saunders (1989 RS1),19489.7912346926,461.9074602816,1032.8564805039,False
2007341,7341 (1991 VK),46199.5579348024,1077.8416872218,2410.127281611,True
2007350,7350 (1993 VA),19877.7831530455,983.0033018559,2198.0622050566,False
2007358,7358 Oze (1995 YA3),18996.9728116708,3023.8133257187,6761.4521475767,False
2007474,7474 (1992 TC),9161.962401723,634.6802389983,1419.1881583761,False
2007480,7480 Norwan (1994 PC),30437.4362814644,947.447112647,2118.5561489645,False
2007482,7482 (1994 PC1),68295.78270751,1283.9702958217,2871.0448625479,True
2007753,7753 (1988 XB),56744.9140438883,664.5917971389,1486.0724356914,True
2007822,7822 (1991 CS),68514.9696969829,904.8049682253,2023.2054153312,True
2007839,7839 (1994 ND),53236.3089012617,722.0295576574,1614.5071726861,False
2007888,7888 (1993 UC),82838.2220980585,2435.3140627443,5445.5277908574,False
2007889,7889 (1994 LX),79524.4267603422,2379.8795468308,5321.5724449751,False
2007977,7977 (1977 QQ5),50310.7781873483,2480.5899315184,5546.7677111767,False
2008013,8013 Gordonmoore (1990 KA),5008.3183384848,1015.2078718928,2270.0738128453,False
2008014,8014 (1990 MF),35954.6943440319,445.1998164478,995.4970531478,True
2008034,8034 Akka (1992 LR),28149.2000217475,661.5382751995,1479.244553064,False
2008035,8035 (1992 TB),75959.302475309,1001.2786976992,2238.9272324779,False
2008037,8037 (1993 HO1),38690.6945692565,1254.7435636786,2805.6919027157,False
2008176,8176 (1991 WA),103111.5442246398,1053.307015051,2355.2660868313,False
2008201,8201 (1994 AH2),56344.222047047,1724.0703243712,3855.1384432842,False
2008507,8507 (1991 CB1),68102.695427684,960.6274148961,2148.0282007576,False
2008566,8566 (1996 EN),83657.1643503005,1350.687798326,3020.2297334364,True
2008567,8567 (1996 HW1),22579.5902052991,2251.9304667857,5035.4696043357,False
2008709,8709 Kadlu (1994 JF1),13313.1526897833,1024.6014746756,2291.0785472212,False
2009058,9058 (1992 JB),41120.9167734666,728.7104148984,1629.446023625,False
2009162,9162 Kwiila (1987 OA),73803.9400214684,664.5917971389,1486.0724356914,False
2009172,9172 Abhramu (1989 OB),19330.8163124354,1248.9785406727,2792.8009193826,False
2009202,9202 (1993 PB),118404.00227614,1601.6033797856,3581.2940301941,False
2009400,9400 (1994 TW1),71602.856090199,2861.2445378281,6397.9372868336,False
2009856,9856 (1991 EE),50560.3658575969,1005.900390178,2249.2616510316,True
2009950,9950 ESA (1990 VB),44442.4724986648,1522.4918503603,3404.3952725951,False
2010115,10115 (1992 SK),31328.3156392855,1010.5434154201,2259.643771094,True
2010145,10145 (1994 CK1),39649.8823466533,1058.1688593312,2366.137501138,False
2010165,10165 (1995 BL2),77773.437152177,896.5096664153,2004.6565565902,False
2010302,10302 (1989 ML),9037.1240886901,342.41673084,765.6670867916,False
2010563,10563 Izhdubar (1993 WD),125743.8823540567,1087.8148335624,2432.4279147781,False
2010636,10636 (1998 QK56),41798.9812504302,766.5755735311,1714.1150923063,False
2010860,10860 (1995 LE),33750.6875748693,1048.4675089161,2344.4446221362,False
2011054,11054 (1991 FA),16176.8602334511,1024.6014746756,2291.0785472212,False
2011066,11066 Sigurd (1992 CC1),79379.79396894,2457.8477463278,5495.9146391336,False
2011284,11284 Belenus (1990 BA),32584.5829156284,595.0520786315,1330.5768979725,False
2011311,11311 Peleus (1993 XN2),56891.2763300112,1890.4055192905,4227.0752461745,False
2011398,11398 (1998 YP11),36383.0388594451,1407.845433864,3148.0380919326,False
2011405,11405 (1999 CV3),56544.5252784892,2401.9003011539,5370.8123485573,False
2011500,11500 Tomaiyowit (1989 UR),34216.0675108828,565.6593584222,1264.852777541,True
2011885,11885 Summanus (1990 SS),38581.7433705036,525.4785303417,1175.0057145608,False
2012538,12538 (1998 OH),53378.5441888152,1708.2639526286,3819.7943215901,True
2012711,12711 Tukmit (1991 BB),69293.7843271495,1646.4743775541,3681.6286314226,False
2012923,12923 Zephyr (1999 GK4),49649.1020606282,1838.8867207025,4111.8757104125,True
2013553,13553 Masaakikoyama (1992 JE),38226.1573908918,1307.8410858413,2924.4215717083,False
2013651,13651 (1997 BR),51786.2101755805,702.3522476962,1570.5073699984,True
2014402,14402 (1991 DB),25259.9585457351,468.3332331362,1047.2249454148,False
2014827,14827 Hypnos (1986 JK),25598.7154233324,459.7851882794,1028.1109360402,True
2015745,15745 Yuliya (1991 PM5),33945.8288395172,876.1026149677,1959.0250023331,False
2015817,15817 Lucianotesi (1994 QC),25639.2410347306,537.7184976927,1202.3751135999,False
2016064,16064 Davidharvey (1999 RH27),26948.2064183553,1128.6388009693,2523.7130810112,False
2016636,16636 (1993 QP),13362.3549198291,466.1814373895,1042.4133838516,False
2016816,16816 (1997 UF9),79770.3043211424,1508.5335611759,3373.1835891292,False
2016834,16834 (1997 WU22),48039.5479901846,1881.719894893,4207.6535995946,False
2016912,16912 Rhiannon (1998 EP8),47489.4299132658,695.9130435846,1556.108871884,False
2016960,16960 (1998 QS52),29447.7245748725,3635.4232184338,8129.053443399,True
2017181,17181 (1999 UM3),19769.9207307181,1176.3998937399,2630.5101311259,False
2017182,17182 (1999 VU),48045.3626235254,992.098919421,2218.4006242295,False
2017188,17188 (1999 WC2),67794.1609952423,1394.9382293439,3119.1767052261,False
2017274,17274 (2000 LC16),14997.7892737736,1123.453176718,2512.1176726795,False
2017511,17511 (1992 QN),54323.1259637112,913.1770255179,2041.925904549,False
2018106,18106 Blume (2000 NX3),17993.1510932702,738.8477865704,1652.1138757967,False
2018109,18109 (2000 NG11),7747.6801457175,969.5159909283,2167.9036609887,False
2018172,18172 (2000 QL7),20133.1827212307,1934.4387204589,4325.5364772538,False
2018736,18736 (1998 NU),43764.5257873942,1692.6024945732,3784.7742367515,False
2019356,19356 (1997 GH3),29134.6217564034,1058.1688593312,2366.137501138,False
2019764,19764 (2000 NF5),3035.1965895872,1594.2446806871,3564.8394787839,False
2020086,20086 (1994 LW),27372.6823455675,1226.1821131815,2741.8265578682,False
2020236,20236 (1998 BZ7),41031.8721519818,766.5755735311,1714.1150923063,True
2020255,20255 (1998 FX2),58421.0456657816,542.6939456932,1213.5005535475,False
2020425,20425 (1998 VD35),51970.594687807,210.1623793224,469.9373664779,True
2020429,20429 (1998 YN1),36174.6211284374,756.0577623597,1690.5965515526,False
2020460,20460 Robwhiteley (1999 LO28),67006.7233409974,2190.5591097046,4898.2390780308,False
2020790,20790 (2000 SE45),36751.654428647,1248.9785406727,2792.8009193826,False
2020826,20826 (2000 UV13),31444.3227795562,4513.9316282433,10093.4579665384,False
2021088,21088 Chelyabinsk (1992 BL2),66474.2800150823,3569.0692667044,7980.6814967565,False
2021277,21277 (1996 TO5),55834.2412572308,1543.6718217716,3451.7551284323,False
2021374,21374 (1997 WS22),33456.154258256,860.111940119,1923.2687663652,False
2022099,22099 (2000 EX106),34602.846132528,640.5528629449,1432.3197447269,False
2022753,22753 (1998 WT),63892.5764604224,773.6686099821,1729.9756039778,True
2022771,22771 (1999 CU3),63335.8217215138,1077.8416872218,2410.127281611,False
2023183,23183 (2000 OY21),97855.7249036747,1631.379409728,3647.8752572453,False
2023187,23187 (2000 PN9),105322.6147956959,1631.379409728,3647.8752572453,True
2023548,23548 (1994 EF2),78048.3241738098,930.1542539614,2079.8881414182,False
2023606,23606 (1996 AS1),45578.0910379712,557.8982210671,1247.4983468323,False
2023714,23714 (1998 EC3),36057.4488360338,1133.8483609746,2535.362011316,False
2024443,24443 (2000 OG),86533.6616865785,1382.1493587861,3090.5799213034,False
2024445,24445 (2000 PM8),65867.7508491928,3037.7706138712,6792.6615926673,False
2024475,24475 (2000 VN2),30952.9875234875,1394.9382293439,3119.1767052261,False
2024761,24761 Ahau (1993 BW2),41062.6074397187,892.3905786578,1995.4459963592,False
2025143,25143 Itokawa (1998 SF36),18978.3650928352,373.7274319137,835.6799428155,True
2025330,25330 (1999 KV4),33414.8546902359,1192.7652464423,2667.1041722442,False
2025916,25916 (2001 CP44),15214.7554513012,4683.3323313621,10472.2494541483,False
2026310,26310 (1998 TX6),43363.1278873631,370.3010782229,828.0183830478,False
2026379,26379 (1999 HZ1),50513.5340231101,608.9126221057,1361.5700153859,False
2026663,26663 (2000 XK47),41334.561891823,617.3834404717,1380.5113410775,True
2026760,26760 (2001 KP41),22735.7048934831,2121.0698787583,4742.8564339308,False
2026817,26817 (1987 QB),28871.6195926171,336.1669211578,751.6920874957,False
2027002,27002 (1998 DV9),27315.7988971788,578.8352574915,1294.3149835245,True
2027031,27031 (1998 RO4),26872.4295366837,702.3522476962,1570.5073699984,False
2027346,27346 (2000 DN8),72318.8385761148,1772.3723925698,3963.14515123,False
2029075,29075 (1950 DA),56518.8783622873,930.1542539614,2079.8881414182,True
2030825,30825 (1990 TG1),27192.8721138207,3023.8133257187,6761.4521475767,False
2031210,31210 (1998 BX7),7551.1528614262,1394.9382293439,3119.1767052261,False
2031346,31346 (1998 PB1),22005.6531182722,983.0033018559,2198.0622050566,False
2031662,31662 (1999 HP11),95401.3675040572,328.5148278096,734.5814865988,False
2031669,31669 (1999 JT6),44770.8466840086,1608.9960450959,3597.8245323628,True
2032906,32906 (1994 RH),20795.8892226427,1646.4743775541,3681.6286314226,False
2033342,33342 (1998 WT24),91401.5390412103,661.5382751995,1479.244553064,True
2034613,34613 (2000 UR13),32574.4229956236,1608.9960450959,3597.8245323628,False
2035107,35107 (1991 VH),32471.6747794478,1123.453176718,2512.1176726795,True
2035396,35396 (1997 XF11),33023.409954212,1053.307015051,2355.2660868313,True
2035432,35432 (1998 BG9),41157.0281212254,352.0099800547,787.1182441607,False
2035670,35670 (1998 SU27),40124.7642940276,324.0074353942,724.5026507569,False
2036017,36017 (1999 ND43),26867.8226674644,368.5996993141,824.2139841524,False
2036183,36183 (1999 TX16),77049.9206260168,1460.6796427136,3266.1789744576,False
2036284,36284 (2000 DM8),121477.010616148,2609.4860325471,5834.9881551116,False
2037336,37336 (2001 RM),74349.6918019873,1855.9017300371,4149.9224279225,False
2037638,37638 (1993 VB),34603.697237761,370.3010782229,828.0183830478,True
2037655,37655 Illapa (1994 PM),121443.082131479,715.4099508838,1599.7052819559,True
2038071,38071 (1999 GU3),12774.0485366792,324.0074353942,724.5026507569,True
2038086,38086 Beowulf (1999 JB),76560.1102278529,900.647767018,2013.9096308356,False
2038239,38239 (1999 OR3),12393.046543144,573.5284639528,1282.4486324295,False
2039565,39565 (1992 SL),22272.2157165434,540.2004935068,1207.9250249602,False
2039572,39572 (1993 DQ1),30042.7715280733,1295.8507266948,2897.6103135821,True
2040263,40263 (1999 FQ5),36813.36288587,745.6842609676,1667.4006972752,False
2040267,40267 (1999 GJ4),122816.6037065743,2072.7884337708,4634.8958408869,False
2040329,40329 (1999 ML),9925.8980597114,763.0534787022,1706.2394488457,False
2041429,41429 (2000 GE2),51524.4368126966,196.1349443683,438.5710683707,True
2041440,41440 (2000 HZ23),25695.1900701217,280.902093949,628.116177092,False
2042286,42286 (2001 TN41),60207.9901225988,1254.7435636786,2805.6919027157,False
2048603,48603 (1995 BC2),46909.7807890381,725.3622946704,1621.9593991982,False
2052340,52340 (1992 SY),32843.3688840497,640.5528629449,1432.3197447269,False
2052381,52381 (1993 HA),13101.1268814514,258.5562120799,578.1492662155,False
2052387,52387 Huitzilopochtli (1993 OM7),47101.7702433186,749.1261831301,1675.0970692038,False
2052689,52689 (1998 FF2),24226.0696016772,396.7847540661,887.2376825273,False
2052750,52750 (1998 KK17),56009.1762625486,1231.8419126591,2754.482254239,False
2052760,52760 (1998 ML14),36742.6282874591,832.8273455231,1862.2585581103,True
2052761,52761 (1998 MN14),36278.3795406048,680.0721287395,1520.6875094646,False
2052762,52762 (1998 MT24),79415.299218213,2901.0484142808,6486.9414603498,False
2052768,52768 (1998 OR2),13979.6362746186,1661.7090173978,3715.6943217258,True
2053319,53319 (1999 JM8),29334.6272512337,2262.3249055419,5058.7122759825,True
2053409,53409 (1999 LU7),45968.7941452346,477.0401980121,1066.694310755,False
2053426,53426 (1999 SL5),74905.1458091546,969.5159909283,2167.9036609887,True
2053429,53429 (1999 TF5),89235.6757251091,441.1181999969,986.3702813054,False
2053435,53435 Leonard (1999 VM40),11525.1128554916,3009.9201654801,6730.3860968609,False
2053550,53550 (2000 BF19),57939.4013160132,409.783980394,916.3048362514,True
2053789,53789 (2000 ED104),88029.7166751682,900.647767018,2013.9096308356,True
2054071,54071 (2000 GQ146),45199.085068093,868.0704579141,1941.0645531552,False
2054401,54401 (2000 LM),34889.3216924288,951.8203298188,2128.3349598411,False
2054509,54509 YORP (2000 PH5),53821.7455406947,78.0827277491,174.5982871157,False
2054660,54660 (2000 UJ1),93241.3642366738,692.7156135897,1548.9592010621,False
2054686,54686 (2001 DU8),57536.9962998682,1266.3535629288,2831.6526502578,False
2054690,54690 (2001 EB),65186.2349319949,840.5334020728,1879.4898243938,False
2055408,55408 (2001 TC2),50208.8816770754,447.2547654325,1000.0920587679,False
2055532,55532 (2001 WG2),108150.9164174722,1579.6285576002,3532.156833994,False
2065674,65674 (1988 SM),21421.6707029118,589.5966083829,1318.3780956475,False
2065679,65679 (1989 UQ),34303.6636353764,318.0936332215,711.2789870931,True
2065690,65690 (1991 DG),28119.0618065309,409.783980394,916.3048362514,True
2065706,65706 (1992 NA),31012.2949945555,1289.8968334309,2884.2970035133,False
2065717,65717 (1993 BX3),21422.4356295504,178.0553291829,398.1438198091,True
2065733,65733 (1993 PC),42417.9282104147,563.0603897491,1259.0413069164,False
2065803,65803 Didymos (1996 GT),32322.1716441879,634.6802389983,1419.1881583761,True
2065909,65909 (1998 FH12),76294.9120765594,366.9061375314,820.4270648822,True
2065996,65996 (1998 MX5),21835.7528595754,532.7886648737,1191.3516722989,False
2066008,66008 (1998 QH2),122993.628169869,1732.0282714137,3872.9329538325,False
2066063,66063 (1998 RO1),69168.0049425648,623.096019112,1393.285055244,False
2066146,66146 (1998 TU3),88431.3838277647,3569.0692667044,7980.6814967565,False
2066253,66253 (1999 GT3),131312.1150441526,555.334911581,1241.766612574,False
2066272,66272 (1999 JW6),74498.754007606,956.213732844,2138.1589076579,False
2066391,66391 Moshup (1999 KW4),70803.1696012146,1248.9785406727,2792.8009193826,True
2066400,66400 (1999 LT7),56777.3650285024,372.0103103398,831.8403422506,False
2066407,66407 (1999 LQ28),41117.2364790252,453.476698997,1014.0047251696,False
2066959,66959 (1999 XO35),53924.4029597713,1087.8148335624,2432.4279147781,False
2067367,67367 (2000 LY27),25127.913332662,1019.8938585185,2280.5519974819,True
2067381,67381 (2000 OL8),46124.7267294317,291.4439045349,651.6883821679,True
2067399,67399 (2000 PJ6),42251.2259160182,552.7833794322,1236.0612132424,False
2068063,68063 (2000 YJ66),6162.4111174577,2053.7849951844,4592.4028604013,False
2068216,68216 (2001 CV26),48504.7443008189,1289.8968334309,2884.2970035133,True
2068267,68267 (2001 EA16),87012.1460841523,1063.053144865,2377.0590956131,False
2068278,68278 (2001 FC7),2827.5074802415,537.7184976927,1202.3751135999,False
2068346,68346 (2001 KZ66),48279.3870885412,1097.8802602898,2454.9348931633,True
2068347,68347 (2001 KB67),57252.4768421698,275.7750529244,616.6517648376,True
2068348,68348 (2001 LO7),137580.393002724,3720.103103398,8318.4034225059,False
2068372,68372 (2001 PM9),48882.3899995498,431.077123878,963.9177525363,True
2068548,68548 (2001 XR31),56649.9307214696,1295.8507266948,2897.6103135821,True
2068950,68950 (2002 QF15),47855.3401095566,1401.3769716619,3133.5741707387,True
2069230,69230 Hermes (1937 UB),73925.571628652,773.6686099821,1729.9756039778,True
2085182,85182 (1991 AQ),60095.7896735405,996.6782399685,2228.6402962644,True
2085184,85184 (1991 JG1),64656.8572803498,552.7833794322,1236.0612132424,False
2085236,85236 (1993 KH),54919.2410072831,472.6666671883,1056.9147985314,True
2085275,85275 (1994 LY),39463.4695084153,1338.3046181583,2992.5401008038,False
2085490,85490 (1997 SE5),21804.9062552109,2914.4390453486,6516.883821679,False
2085585,85585 Mjolnir (1998 FG2),66864.509190625,124.8978540673,279.2800919383,True
2085628,85628 (1998 KV2),36343.8343214417,930.1542539614,2079.8881414182,False
2085640,85640 (1998 OX4),22897.8770128585,157.2370823638,351.5928047493,True
2085713,85713 (1998 SS49),64372.1398405063,1864.4681832003,4169.0775995214,True
2085770,85770 (1998 UP1),100174.5533794615,190.7897226199,426.6187891865,False
2085774,85774 (1998 UT18),29689.4568429523,404.1615334029,903.7326625794,True
2085818,85818 (1998 XM4),118063.0776155584,2190.5591097046,4898.2390780308,False
2085867,85867 (1999 BY9),27464.5820490414,581.5070396458,1300.2892700427,False
2085938,85938 (1999 DJ4),84101.3961118578,477.0401980121,1066.694310755,True
2085953,85953 (1999 FK21),74059.6139681638,640.5528629449,1432.3197447269,False
2085989,85989 (1999 JD6),73217.7232599568,1024.6014746756,2291.0785472212,True
2085990,85990 (1999 JV6),24857.6904112802,234.7226375313,524.8557733779,True
2086039,86039 (1999 NC43),38117.2187284628,1716.1489407741,3837.4256910852,True
2086324,86324 (1999 WA2),62255.3198198983,1813.6562490286,4055.4586606451,False
2086450,86450 (2000 CK33),60504.7257967774,545.1989071318,1219.1018176054,False
2086666,86666 (2000 FL10),58855.8621663389,1118.2913782459,2500.5755404097,False
2086667,86667 (2000 FO10),52215.1200138002,825.1919385245,1845.1852690256,False
2086819,86819 (2000 GK137),34715.6438141379,848.3107618858,1896.8805296212,True
2086829,86829 (2000 GR146),50401.6653118126,1830.4378036831,4092.9833576208,False
2086878,86878 (2000 HD24),78100.7503808228,784.4314124479,1754.0419619197,False
2087024,87024 (2000 JS66),33071.7231741354,477.0401980121,1066.694310755,False
2087025,87025 (2000 JT66),68765.1000083291,628.8614555917,1406.1769631325,False
2087311,87311 (2000 QJ1),37374.6104200213,1332.1556669813,2978.7906279817,False
2087684,87684 (2000 SY2),135516.7919146396,1700.4151927129,3802.2439608794,True
2088213,88213 (2001 AF2),109760.2379824212,337.7185971644,755.1617405255,False
2088254,88254 (2001 FM129),74321.5944764704,742.2581530009,1659.7396869634,True
2088263,88263 (2001 KQ1),77520.1826057296,1934.4387204589,4325.5364772538,False
2088264,88264 (2001 KN20),30265.8946106012,1053.307015051,2355.2660868313,False
2088710,88710 (2001 SL9),53836.3319063238,810.1304882431,1811.5068423567,False
2088959,88959 (2001 TZ44),128922.4983433039,860.111940119,1923.2687663652,False
2089136,89136 (2001 US16),50702.1257816867,233.6441849736,522.4442801486,True
2089355,89355 (2001 VS78),43429.011597139,1847.374636151,4130.8552663426,False
2089830,89830 (2002 CE),93652.5168920358,2645.7875993204,5916.1609261063,True
2089958,89958 (2002 LY45),145064.4465643092,956.213732844,2138.1589076579,True
2090075,90075 (2002 VU94),12793.9065854755,2231.2846441686,4989.3041415123,True
2090147,90147 (2002 YK14),50379.4449766152,578.8352574915,1294.3149835245,False
2090367,90367 (2003 LC5),59400.1912697118,692.7156135897,1548.9592010621,False
2090373,90373 (2003 SZ219),23374.8302996628,461.9074602816,1032.8564805039,False
2090403,90403 (2003 YE45),63738.6939361872,738.8477865704,1652.1138757967,True
2090416,90416 (2003 YK118),42372.9951253268,449.3191996308,1004.7082739702,True
2096189,96189 Pygmalion (1991 NT3),39805.5951224474,1344.4819516043,3006.3530383087,False
2096315,96315 (1997 AP10),63206.7614645785,1038.8551010162,2322.9506246446,False
2096536,96536 (1998 SO10),45636.917089936,2160.5035119642,4831.0327183789,False
2096590,96590 (1998 XB),41338.581157854,1474.1951450421,3296.4005564144,False
2096631,96631 (1999 FP59),16007.2020503383,617.3834404717,1380.5113410775,False
2096744,96744 (1999 OW3),153006.6092831204,2941.4060178126,6577.183805256,False
2098943,98943 Torifune (2001 CC21),7199.8085758815,481.4541966183,1076.564311691,False
2099248,99248 (2001 KY66),42793.1445157592,1307.8410858413,2924.4215717083,True
2099799,99799 (2002 LJ3),13581.5037088905,525.4785303417,1175.0057145608,False
2099907,99907 (1989 VA),80961.5170443827,689.5328744512,1541.8423799937,False
2099935,99935 (2002 AV4),65837.9429088124,1565.1464359352,3499.7738254925,False
2099942,99942 Apophis (2004 MN4),50965.8329757611,404.1615334029,903.7326625794,True
2100004,100004 (1983 VA),35525.4449854246,1350.687798326,3020.2297334364,False
2100085,100085 (1992 UY4),39880.7360503484,702.3522476962,1570.5073699984,True
2100756,100756 (1998 FM5),11711.851844651,1434.0192346452,3206.5644897089,False
2100926,100926 (1998 MQ),57020.8258266134,1254.7435636786,2805.6919027157,False
2101869,101869 (1999 MM),45716.313106854,337.7185971644,755.1617405255,True
2101955,101955 Bennu (1999 RQ36),23350.1159564919,241.2986969214,539.5602891983,True
2102873,102873 (1999 WK11),22044.1926820391,791.6896669423,1770.2719123671,False
2105140,105140 (2000 NL10),204027.7215205573,1890.4055192905,4227.0752461745,False
2105141,105141 (2000 NF11),29173.226272817,404.1615334029,903.7326625794,False
2106538,106538 (2000 WK63),26765.5976003598,1467.4218336083,3281.2549716154,False
2106589,106589 (2000 WN107),51541.033618876,1661.7090173978,3715.6943217258,False
2108519,108519 (2001 LF),31474.7452706397,686.3647586707,1534.7582577479,False
2108906,108906 (2001 PL9),69315.0111666936,699.1252322458,1563.2915440869,False
2111253,111253 (2001 XU10),87501.5535716003,2368.9449935595,5297.1220405568,True
2112221,112221 (2002 KH4),49139.0345800357,2091.9677090096,4677.7820040799,False
2112985,112985 (2002 RS28),85077.4537487567,1772.3723925698,3963.14515123,False
2136564,136564 (1977 VA),26762.6349444996,370.3010782229,828.0183830478,False
2136582,136582 (1992 BA),17920.2134723989,280.902093949,628.116177092,False
2136617,136617 (1994 CC),28520.6942660868,676.9474811371,1513.7005850198,True
2136618,136618 (1994 CN2),31581.6525118004,1128.6388009693,2523.7130810112,True
2136770,136770 (1996 PC1),53528.1656850277,205.3784995184,459.2402860401,False
2136773,136773 (1996 TR6),34157.139589775,504.1444338579,1127.3012245845,False
2136793,136793 (1997 AQ18),63632.7722360142,568.2703233897,1270.6910726951,False
2136795,136795 Tatsunokingo (1997 BQ),35813.004674151,634.6802389983,1419.1881583761,True
2136818,136818 Selqet (1997 MW1),62961.4768328935,425.1625240058,950.6923051623,False
2136839,136839 (1997 WT22),32234.0703124874,451.3931628243,1009.3457966538,False
2136849,136849 (1998 CS1),64140.8483174382,766.5755735311,1714.1150923063,True
2136874,136874 (1998 FH74),31327.0679198288,1881.719894893,4207.6535995946,False
2136900,136900 (1998 HL49),54121.0323757025,884.2090926555,1977.151637501,False
2136923,136923 (1998 JH2),30620.821824057,1453.9684293722,3251.1722452148,False
2136993,136993 (1998 ST49),95049.6757062836,715.4099508838,1599.7052819559,False
2137032,137032 (1998 UO1),128410.9286802512,1237.527836584,2767.1963666501,False
2137044,137044 (1998 UC50),39471.9632745498,1160.2590820944,2594.4181790745,False
2137052,137052 Tjelvar (1998 VO33),170819.3164160873,1038.8551010162,2322.9506246446,False
2137062,137062 (1998 WM),54265.4737965569,1176.3998937399,2630.5101311259,False
2137064,137064 (1998 WP5),39678.055735041,453.476698997,1014.0047251696,False
2137078,137078 (1998 XZ4),77868.3017421079,1434.0192346452,3206.5644897089,False
2137084,137084 (1998 XS16),87248.1093839212,1344.4819516043,3006.3530383087,False
2137099,137099 (1998 YW3),76604.2021811826,584.1911541862,1306.2911326144,False
2137108,137108 (1999 AN10),72203.9372080632,652.4616297891,1458.9485569187,True
2137120,137120 (1999 BJ8),51940.5858350179,584.1911541862,1306.2911326144,True
2137125,137125 (1999 CT3),55341.1088609188,459.7851882794,1028.1109360402,False
2137126,137126 (1999 CF9),43480.4883542323,649.4638409061,1452.2452971941,True
2137158,137158 (1999 FB),81179.9508977006,692.7156135897,1548.9592010621,False
2137170,137170 (1999 HF1),83456.4599852393,3108.5293813308,6950.8830067111,False
2137175,137175 (1999 JA11),35265.8289365462,573.5284639528,1282.4486324295,False
2137199,137199 (1999 KX4),34692.1357479787,1082.8167784033,2421.2519236872,False
2137427,137427 (1999 TF211),31150.7759186842,2336.4418497365,5224.4428014861,True
2137671,137671 (1999 XP35),39643.8618419852,477.0401980121,1066.694310755,False
2137799,137799 (1999 YB),10797.1660302099,464.0395282463,1037.6239294056,False
2137802,137802 (1999 YT),51621.3797741273,1092.8359586958,2443.6554919,False
2137805,137805 (1999 YK5),122644.0350837425,1203.8017673838,2691.7825833046,False
2137911,137911 (2000 AB246),4609.0253785603,749.1261831301,1675.0970692038,False
2137924,137924 (2000 BD19),105195.870177611,840.5334020728,1879.4898243938,False
2137925,137925 (2000 BJ19),151359.4960064273,1623.883902199,3631.1147928846,False
2138013,138013 (2000 CN101),66994.8273703717,3023.8133257187,6761.4521475767,False
2138095,138095 (2000 DK79),119574.3777112116,1700.4151927129,3802.2439608794,True
2138127,138127 (2000 EE14),86358.583490918,1005.900390178,2249.2616510316,True
2138155,138155 (2000 ES70),45914.0746613616,956.213732844,2138.1589076579,False
2138175,138175 (2000 EE104),47713.5253593907,212.1069878758,474.2856433931,True
2138205,138205 (2000 EZ148),19287.3102912242,2609.4860325471,5834.9881551116,False
2138258,138258 (2000 GD2),89539.6478763715,425.1625240058,950.6923051623,False
2138325,138325 (2000 GO82),126684.554291753,1226.1821131815,2741.8265578682,False
2138359,138359 (2000 GX127),49634.0272029362,676.9474811371,1513.7005850198,False
2138404,138404 (2000 HA24),35763.7016497596,352.0099800547,787.1182441607,True
2138524,138524 (2000 OJ8),10118.9419114127,1128.6388009693,2523.7130810112,True
2138727,138727 (2000 SU180),13231.9426829049,360.2093458029,805.452583346,True
2138815,138815 (2000 TQ64),14014.1015402972,655.4732558369,1465.6827574844,False
2138846,138846 (2000 VJ61),56292.5616278688,1608.9960450959,3597.8245323628,False
2138847,138847 (2000 VE62),42557.9202113429,1024.6014746756,2291.0785472212,False
2138852,138852 (2000 WN10),46518.4307328088,231.5021222103,517.6544821978,False
2138859,138859 (2000 WN63),35720.5942670092,425.1625240058,950.6923051623,False
2138877,138877 (2000 XG47),68071.6358109457,1170.9948272004,2618.4240349208,False
2138883,138883 (2000 YL29),49401.5621915502,1133.8483609746,2535.362011316,False
2138893,138893 (2000 YH66),87820.4680892456,611.7232350672,1367.8547370263,False
2138937,138937 (2001 BK16),88838.6371885703,732.0739893473,1636.96720474,False
2138947,138947 (2001 BA40),34754.6536685977,457.6726672313,1023.3871953728,False
2138971,138971 (2001 CB21),32898.8539421803,525.4785303417,1175.0057145608,True
2139047,139047 (2001 EB16),90416.5710953627,876.1026149677,1959.0250023331,False
2139056,139056 (2001 FY),5682.7801242858,387.7528303812,867.0416872003,False
2139211,139211 (2001 GN2),59150.6488464473,752.5839924835,1682.8289659712,True
2139289,139289 (2001 KR1),151193.676235648,732.0739893473,1636.96720474,False
2139345,139345 (2001 KA67),56374.0489107428,1192.7652464423,2667.1041722442,False
2139359,139359 (2001 ME1),68990.6439475978,1319.942390415,2951.4809113515,True
2139622,139622 (2001 QQ142),23450.557730868,540.2004935068,1207.9250249602,True
2140039,140039 (2001 SO73),60149.7659172557,643.5095206225,1438.9310322802,True
2140158,140158 (2001 SX169),47886.5270829294,535.2479056134,1196.850701766,True
2140288,140288 (2001 SN289),114883.3633306064,1192.7652464423,2667.1041722442,True
2140333,140333 (2001 TD2),76182.2258791763,377.185489265,843.412394123,False
2141018,141018 (2001 WC47),22398.5697188134,413.5756648806,924.7833005128,False
2141052,141052 (2001 XR1),72638.2877476122,856.1600847231,1914.4321490629,False
2141053,141053 (2001 XT1),43149.9893715349,449.3191996308,1004.7082739702,True
2141056,141056 (2001 XV4),80817.3831630751,913.1770255179,2041.925904549,False
2141078,141078 (2001 XQ30),30733.510538069,490.4050984179,1096.5791365749,False
2141354,141354 (2002 AJ29),30363.4358570613,896.5096664153,2004.6565565902,False
2141424,141424 (2002 CD),69253.9815373182,197.0402621378,440.5954204445,False
2141432,141432 (2002 CQ11),36304.3921502174,258.5562120799,578.1492662155,True
2141447,141447 (2002 CW59),25536.8431607794,983.0033018559,2198.0622050566,False
2141484,141484 (2002 DB4),59179.5233019022,1447.2880512552,3236.2344656297,False
2141495,141495 (2002 EZ11),121373.2880245105,540.2004935068,1207.9250249602,True
2141498,141498 (2002 EZ16),81216.6696845453,530.3407233187,1185.8779085771,False
2141525,141525 (2002 FV5),78757.4801592533,646.4798256118,1445.5728361502,True
2141526,141526 (2002 FA6),68984.3637169002,242.4124811008,542.0507863358,False
2141527,141527 (2002 FG7),55267.8636317047,433.0668854756,968.3669947276,True
2141531,141531 (2002 GB),102691.6792459888,393.1470095751,879.1034385607,False
2141593,141593 (2002 HK12),45791.404905344,576.1757510611,1288.3681463596,True
2141614,141614 (2002 JV15),29321.2335589154,331.5545380858,741.3784854083,True
2141670,141670 (2002 JS100),10365.8732114021,1133.8483609746,2535.362011316,False
2141761,141761 (2002 MC),36547.5179973305,864.0820364505,1932.1461716397,False
2141765,141765 (2002 MP3),61315.3441230642,1467.4218336083,3281.2549716154,False
2141851,141851 (2002 PM6),119295.6921392209,728.7104148984,1629.446023625,True
2141874,141874 (2002 PO34),32208.4097646566,722.0295576574,1614.5071726861,False
2142040,142040 (2002 QE15),58390.1869841788,1494.7032423559,3342.2580560972,False
2142348,142348 (2002 RX211),36319.8725419259,573.5284639528,1282.4486324295,False
2142464,142464 (2002 TC9),31224.0709085365,570.8933400239,1276.5563161953,False
2142555,142555 (2002 TB58),46723.9943271398,1401.3769716619,3133.5741707387,False
2142561,142561 (2002 TX68),33800.2830502655,608.9126221057,1361.5700153859,False
2142563,142563 (2002 TR69),41729.8670034376,960.6274148961,2148.0282007576,False
2143381,143381 (2003 BC21),7869.7092350981,1522.4918503603,3404.3952725951,False
2143404,143404 (2003 BD44),77494.8769707002,1082.8167784033,2421.2519236872,True
2143487,143487 (2003 CR20),85428.5313491521,433.0668854756,968.3669947276,True
2143527,143527 (2003 EN16),38869.9897015973,497.2273129092,1111.8340719346,False
2143624,143624 (2003 HM16),91712.0293732775,1740.0229506708,3890.8096001097,False
2143637,143637 (2003 LP6),172448.5215001399,1283.9702958217,2871.0448625479,False
2143649,143649 (2003 QQ47),106324.8821822819,884.2090926555,1977.151637501,True
2143651,143651 (2003 QO104),38692.2231897196,1608.9960450959,3597.8245323628,True
2143678,143678 (2003 SA224),29388.5747656069,1401.3769716619,3133.5741707387,False
2143947,143947 (2003 YQ117),70256.2252888174,2251.9304667857,5035.4696043357,False
2143992,143992 (2004 AF),77601.2825818206,1557.9552412783,3483.6938254003,True
2144332,144332 (2004 DV24),107758.7689804276,1266.3535629288,2831.6526502578,True
2144411,144411 (2004 EW9),45520.9719231175,1307.8410858413,2924.4215717083,False
2144861,144861 (2004 LA12),114338.8227013801,2293.7969799646,5129.0859737846,False
2144898,144898 (2004 VD17),56055.0928987037,443.1543090961,990.9231596608,True
2144900,144900 (2004 VG64),113127.608485377,584.1911541862,1306.2911326144,True
2144901,144901 (2004 WG1),60665.5332992354,821.4005259621,1836.7074128054,False
2144922,144922 (2005 CK38),6166.5019690971,900.647767018,2013.9096308356,False
2145656,145656 (4788 P-L),12576.6139440774,1369.4777372983,3062.2453142716,False
2152558,152558 (1990 SA),70114.9438429996,1128.6388009693,2523.7130810112,False
2152560,152560 (1991 BN),27545.8340723831,378.9264983795,847.3054088524,True
2152561,152561 (1991 RB),45538.3051983328,402.3045798343,899.5803881691,True
2152563,152563 (1992 BF),82093.2387520302,303.7770613871,679.2661592667,False
2152564,152564 (1992 HF),62360.4527455658,315.1773332628,704.7579421428,False
2152575,152575 (1994 GY),16791.4781204054,1019.8938585185,2280.5519974819,False
2152637,152637 (1997 NC1),37815.9097235206,708.8510330298,1585.0390957756,True
2152664,152664 (1998 FW4),54341.5834728274,308.003021266,688.7156928262,True
2152667,152667 (1998 FR11),34969.9714876969,1375.7989593246,3076.3799964233,False
2152671,152671 (1998 HL3),81609.8856396246,237.9879546831,532.1572444975,True
2152679,152679 (1998 KU2),28436.6306570346,1307.8410858413,2924.4215717083,False
2152680,152680 (1998 KJ9),64526.0746189172,336.1669211578,751.6920874957,True
2152685,152685 (1998 MZ),60288.0770587918,361.8719965994,809.1703835499,True
2152742,152742 (1998 XE12),94966.2847546999,402.3045798343,899.5803881691,False
2152754,152754 (1999 GS6),38039.8440169087,380.6755436269,851.2163929215,True
2152756,152756 (1999 JV3),42122.9469506612,425.1625240058,950.6923051623,False
2152770,152770 (1999 RR28),59588.7059295889,552.7833794322,1236.0612132424,True
2152787,152787 (1999 TB10),39337.0006826491,499.5224099063,1116.966064835,False
2152828,152828 (1999 VT25),72226.2459035887,148.0999720661,331.1616050056,True
2152889,152889 (2000 CF59),119327.2819379809,1313.877806011,2937.9200883689,False
2152895,152895 (2000 CQ101),8550.1886251687,617.3834404717,1380.5113410775,False
2152931,152931 (2000 EA107),76712.118521886,1460.6796427136,3266.1789744576,False
2152941,152941 (2000 FM10),78249.3885301464,799.0150812386,1786.652036697,False
2152942,152942 (2000 FN10),57349.2809327476,1192.7652464423,2667.1041722442,False
2152952,152952 (2000 GC2),87963.1470299808,813.869880675,1819.8683780289,False
2152964,152964 (2000 GP82),42068.5600295581,732.0739893473,1636.96720474,False
2152978,152978 (2000 GJ147),49587.425883576,322.5187564536,721.1738634489,True
2153002,153002 (2000 JG5),140267.8839313127,586.8876580364,1312.3206985251,True
2153195,153195 (2000 WB1),101680.5051374825,836.6715018881,1870.8543530587,False
2153201,153201 (2000 WO107),136040.9445653414,366.9061375314,820.4270648822,True
2153220,153220 (2000 YN29),19989.1996933805,868.0704579141,1941.0645531552,True
2153243,153243 (2001 AU47),104603.580117473,840.5334020728,1879.4898243938,False
2153249,153249 (2001 BW15),93074.138542561,2053.7849951844,4592.4028604013,False
2153267,153267 (2001 CB32),42642.9169966652,732.0739893473,1636.96720474,False
2153271,153271 (2001 CL42),52836.9539367848,876.1026149677,1959.0250023331,False
2153311,153311 (2001 MG1),66861.7566011784,880.1465209007,1968.067450894,True
2153315,153315 (2001 NH6),107491.5211576684,327.0054392819,731.2063912466,False
2153349,153349 (2001 PJ9),49877.376273445,494.942760925,1106.7256583997,False
2153415,153415 (2001 QP153),115357.0148302147,1053.307015051,2355.2660868313,False
2153460,153460 (2001 RN),53426.9336545361,303.7770613871,679.2661592667,False
2153591,153591 (2001 SN263),24639.1584565967,1005.900390178,2249.2616510316,True
2153792,153792 (2001 VH75),21488.0773988578,620.2331529543,1386.8834919048,False
2153814,153814 (2001 WN5),40097.58283827,586.8876580364,1312.3206985251,True
2153842,153842 (2001 XT30),13214.7404265292,1214.9404079963,2716.6893408911,False
2153953,153953 (2002 AD9),118896.114498376,1154.928175848,2582.497910326,False
2153957,153957 (2002 AB29),121725.2201104692,745.6842609676,1667.4006972752,False
2153958,153958 (2002 AM31),36533.5125912364,568.2703233897,1270.6910726951,True
2154007,154007 (2002 BY),5228.2147432763,631.7641481849,1412.6675810887,False
2154019,154019 (2002 CZ9),66904.8268701715,102.4601474676,229.1078547221,True
2154020,154020 (2002 CA10),51945.7065801966,396.7847540661,887.2376825273,False
2154029,154029 (2002 CY46),86360.24694182,1319.942390415,2951.4809113515,False
2154035,154035 (2002 CV59),134047.4248232795,888.2904163894,1986.2777548083,False
2154144,154144 (2002 FA5),45126.5023540174,836.6715018881,1870.8543530587,False
2154229,154229 (2002 JN97),87757.1128842124,1266.3535629288,2831.6526502578,False
2154244,154244 (2002 KL6),8159.6972530608,813.869880675,1819.8683780289,False
2154268,154268 (2002 RM129),46854.0070284524,649.4638409061,1452.2452971941,False
2154269,154269 (2002 SM),37283.267357239,702.3522476962,1570.5073699984,True
2154275,154275 (2002 SR41),38169.6103351688,250.3542547558,559.8091320902,True
2154276,154276 (2002 SY50),77252.7991240159,799.0150812386,1786.652036697,True
2154278,154278 (2002 TB9),89411.8104484679,1338.3046181583,2992.5401008038,False
2154300,154300 (2002 UO),50746.0739376834,355.267088298,794.4013596028,False
2154302,154302 (2002 UQ3),78538.2616579295,770.113925611,1722.0270880854,True
2154330,154330 (2002 VX94),30200.1788758875,614.5468212287,1374.1684676237,True
2154347,154347 (2002 XK4),72856.4037100157,1608.9960450959,3597.8245323628,False
2154453,154453 (2003 CJ11),40810.2717605461,2262.3249055419,5058.7122759825,False
2154555,154555 (2003 HA),88732.5999214835,1214.9404079963,2716.6893408911,False
2154589,154589 (2003 MX2),25729.8440555439,1260.5351968217,2818.6423881245,False
2154590,154590 (2003 MA3),33296.5571342643,121.4940407996,271.6689340891,True
2154631,154631 (2003 WO25),60013.8790997886,606.1149227377,1355.3141694186,False
2154652,154652 (2004 EP20),64534.1987764548,437.0740040305,977.3271842103,False
2154656,154656 (2004 FE3),23859.0219147311,1401.3769716619,3133.5741707387,False
2154658,154658 (2004 FA18),46930.3518529922,347.1802220654,776.3185769818,False
2154715,154715 (2004 LB6),35174.1029816243,523.0641758041,1169.6070536928,False
2154807,154807 (2004 PP97),42021.3779133743,515.8874662642,1153.5594433068,False
2154988,154988 (2004 XN35),71887.4770605865,557.8982210671,1247.4983468323,False
2154991,154991 Vinciguerra (2005 BX26),6440.7718226902,513.5171786631,1148.2593191046,False
2154993,154993 (2005 EA94),89466.7530539311,670.7411893253,1499.8228946405,False
2155110,155110 (2005 TB),76415.697574349,860.111940119,1923.2687663652,False
2155140,155140 (2005 UD),151687.0221967865,852.2263864536,1905.6361323292,False
2155334,155334 (2006 DZ169),26473.4861723344,951.8203298188,2128.3349598411,False
2155336,155336 (2006 GA1),17176.3251931681,552.7833794322,1236.0612132424,False
2155338,155338 (2006 MZ1),34464.1910778932,221.0828103591,494.3561926196,True
2155340,155340 (2006 SK198),25931.1415617505,1474.1951450421,3296.4005564144,False
2155341,155341 (2006 SA218),41033.3243805896,600.5580277247,1342.8885744257,False
2159399,159399 (1998 UL1),76787.2038476945,1332.1556669813,2978.7906279817,False
2159402,159402 (1999 AP10),9486.4965607498,1266.3535629288,2831.6526502578,False
2159459,159459 (2000 KB),43418.7537138317,1453.9684293722,3251.1722452148,False
2159467,159467 (2000 QK25),21288.0639681878,570.8933400239,1276.5563161953,False
2159495,159495 (2000 UV16),5418.0406733311,852.2263864536,1905.6361323292,False
2159504,159504 (2000 WO67),47172.8896355005,1072.8894545079,2399.0537526223,True
2159533,159533 (2001 HH31),27728.6692234996,780.8272774914,1745.9828711568,False
2159555,159555 (2001 SJ276),52070.2434333803,485.9090374507,1086.5256386213,False
2159608,159608 (2002 AC2),119481.0649297319,1278.0709881794,2857.8536096394,False
2159609,159609 (2002 AQ3),71036.780376388,951.8203298188,2128.3349598411,False
2159635,159635 (2002 CZ46),38641.4867919179,620.2331529543,1386.8834919048,False
2159677,159677 (2002 HQ11),35951.1258648785,342.41673084,765.6670867916,False
2159686,159686 (2002 LB6),100829.0600627242,1434.0192346452,3206.5644897089,False
2159699,159699 (2002 PQ142),82258.3761735172,802.7031672829,1794.8988477988,False
2159856,159856 (2004 JW6),26946.3325413353,673.8371899863,1506.7457625769,False
2159857,159857 (2004 LJ1),52715.5554486899,2140.6958967071,4786.741544192,True
2159923,159923 (2004 YJ32),22003.8589604039,1369.4777372983,3062.2453142716,False
2159928,159928 (2005 CV69),56217.406174295,667.6594134952,1492.931834393,False
2159929,159929 (2005 UK),105629.9159456118,759.5475664291,1698.3999906799,False
2161989,161989 Cacus (1978 CA),63670.6525894513,917.3920591547,2051.3510062884,True
2161995,161995 (1983 LB),54361.321027596,938.760865307,2099.133109443,False
2161998,161998 (1988 PA),26450.576129032,806.4082767588,1803.1837244512,False
2161999,161999 (1989 RC),25026.8145627304,461.9074602816,1032.8564805039,False
2162000,162000 (1990 OS),41424.3592113755,313.7292249562,701.5198735305,True
2162004,162004 (1991 VE),114334.1971363886,584.1911541862,1306.2911326144,False
2162011,162011 Konnohmaru (1994 AB1),24442.7001062111,1272.1987853936,2844.7229650327,False
2162015,162015 (1994 TF2),60341.8726448302,375.4524793607,839.5372661714,False
2162039,162039 (1996 JG),53329.2465502656,435.0658313955,972.8367736878,True
2162058,162058 (1997 AE12),7851.6731874018,670.7411893253,1499.8228946405,False
2162063,162063 (1997 EH29),74995.4068413646,431.077123878,963.9177525363,False
2162080,162080 (1998 DG16),49239.4135343342,271.9912773482,608.1909854376,False
2162082,162082 (1998 HL1),43540.7909556064,398.6162292765,891.332985597,True
2162116,162116 (1998 SA15),86370.0864909088,328.5148278096,734.5814865988,True
2162117,162117 (1998 SD15),68181.1458942467,394.9616937199,883.1611956661,False
2162120,162120 (1998 SH36),73433.0538114332,197.9497586642,442.6291165029,True
2162142,162142 (1998 VR),46589.0145496214,455.5698523357,1018.6851583223,False
2162149,162149 (1998 YQ11),49681.7475451402,836.6715018881,1870.8543530587,False
2162157,162157 (1999 CV8),29622.1369407353,271.9912773482,608.1909854376,False
2162161,162161 (1999 DK3),82235.8646467614,773.6686099821,1729.9756039778,False
2162162,162162 (1999 DB7),67673.1052652281,267.026877056,597.0902489167,True
2162168,162168 (1999 GT6),16686.3058895432,904.8049682253,2023.2054153312,False
2162173,162173 Ryugu (1999 JU3),18468.8150703592,327.0054392819,731.2063912466,True
2162181,162181 (1999 LF6),37194.2361145382,608.9126221057,1361.5700153859,False
2162183,162183 (1999 NB5),76200.715521729,149.4703242356,334.2258056097,True
2162195,162195 (1999 RK45),138243.1851368039,334.6223744549,748.2383760735,False
2162210,162210 (1999 SM5),58264.1122237124,366.9061375314,820.4270648822,False
2162214,162214 (1999 TC10),58626.8817618892,449.3191996308,1004.7082739702,False
2162215,162215 (1999 TL12),68955.5962088312,384.1978910643,859.0926012318,False
2162269,162269 (1999 VO6),115328.6524833271,1072.8894545079,2399.0537526223,False
2162361,162361 (2000 AF6),58003.0737037535,237.9879546831,532.1572444975,True
2162385,162385 (2000 BM19),39885.0166440655,508.8092248706,1137.7320143896,False
2162416,162416 (2000 EH26),63189.9912720679,123.1841912659,275.4482254239,True
2162421,162421 (2000 ET70),48886.6449631504,634.6802389983,1419.1881583761,True
2162422,162422 (2000 EV70),33387.3196372962,201.6299194428,450.8582061718,True
2162433,162433 (2000 FK10),52192.0655304106,356.9069266704,798.0681496756,False
2162452,162452 (2000 HO14),34444.6498583989,530.3407233187,1185.8779085771,False
2162463,162463 (2000 JH5),50379.6024717001,676.9474811371,1513.7005850198,False
2162470,162470 (2000 KX43),108251.1913275558,377.185489265,843.412394123,False
2162472,162472 (2000 LL),57067.5597343121,380.6755436269,851.2163929215,False
2162474,162474 (2000 LB16),98359.6672759698,501.8281005898,1122.1217459384,True
2162483,162483 (2000 PJ5),92883.7925620366,829.0008514522,1853.7022572523,False
2162510,162510 (2000 QW69),82091.8589077372,802.7031672829,1794.8988477988,True
2162566,162566 (2000 RJ34),19657.7670441201,1899.1312347087,4246.5865390018,False
2162567,162567 (2000 RW37),33253.2811942455,269.4976463288,602.6150569674,True
2162581,162581 (2000 SA10),39488.326127132,492.6687055037,1101.640715893,False
2162635,162635 (2000 SS164),11654.6076744734,1209.3582638788,2704.2072871842,False
2162687,162687 (2000 UH1),43781.1990988518,472.6666671883,1056.9147985314,True
2162694,162694 (2000 UH11),79804.6169811048,299.6090838515,669.9462781683,False
2162695,162695 (2000 UL11),98189.5744704715,242.4124811008,542.0507863358,True
2162698,162698 (2000 UN30),62666.0511384193,535.2479056134,1196.850701766,False
2162723,162723 (2000 VM2),72672.0405473981,756.0577623597,1690.5965515526,False
2162740,162740 (2000 WF6),76766.0851596985,545.1989071318,1219.1018176054,False
2162741,162741 (2000 WG6),25562.8745224095,840.5334020728,1879.4898243938,False
2162781,162781 (2000 XL44),19571.3368076937,680.0721287395,1520.6875094646,False
2162783,162783 (2000 YJ11),19055.1825839735,174.8054531691,390.8768761237,True
2162825,162825 (2001 BO61),76840.2497439724,676.9474811371,1513.7005850198,True
2162854,162854 (2001 DE47),39247.8518961806,394.9616937199,883.1611956661,False
2162873,162873 (2001 FB7),35075.800086079,372.0103103398,831.8403422506,False
2162882,162882 (2001 FD58),82227.8375136108,468.3332331362,1047.2249454148,True
2162900,162900 (2001 HG31),16236.3528386064,1692.6024945732,3784.7742367515,False
2162903,162903 (2001 JV2),78137.2015489339,499.5224099063,1116.966064835,False
2162911,162911 (2001 LL5),35838.5004636211,361.8719965994,809.1703835499,False
2162913,162913 (2001 MT18),52071.9959373782,535.2479056134,1196.850701766,False
2162922,162922 (2001 OY13),77974.749338207,174.8054531691,390.8768761237,True
2162926,162926 (2001 OB36),78845.1112915348,1001.2786976992,2238.9272324779,False
2162979,162979 (2001 RA12),73628.2263667064,584.1911541862,1306.2911326144,True
2162980,162980 (2001 RR17),79092.6832855897,1176.3998937399,2630.5101311259,False
2162998,162998 (2001 SK162),35972.4515872462,617.3834404717,1380.5113410775,True
2163000,163000 (2001 SW169),10379.4570229519,377.185489265,843.412394123,False
2163001,163001 (2001 SE170),36202.7160169783,552.7833794322,1236.0612132424,False
2163014,163014 (2001 UA5),32529.4500710903,749.1261831301,1675.0970692038,True
2163015,163015 (2001 UX16),79003.0718794465,102.4601474676,229.1078547221,False
2163023,163023 (2001 XU1),70998.5228750932,331.5545380858,741.3784854083,False
2163026,163026 (2001 XR30),26383.6496933645,150.8533561176,337.3183589129,True
2163051,163051 (2001 YJ4),13455.6604442609,1394.9382293439,3119.1767052261,True
2163067,163067 (2002 AP3),11747.2298114765,267.026877056,597.0902489167,True
2163070,163070 (2002 AO7),21624.1775651262,555.334911581,1241.766612574,False
2163081,163081 (2002 AG29),31435.4587047677,513.5171786631,1148.2593191046,False
2163132,163132 (2002 CU11),105034.4837015648,504.1444338579,1127.3012245845,True
2163191,163191 (2002 EQ9),39865.3876826881,345.5850738412,772.7517171183,False
2163243,163243 (2002 FB3),53579.8669960134,1350.687798326,3020.2297334364,True
2163249,163249 (2002 GT),26631.5609677044,483.6764882185,1081.533506775,True
2163250,163250 (2002 GH1),29148.5329402858,2140.6958967071,4786.741544192,False
2163295,163295 (2002 HW),51633.5388422519,336.1669211578,751.6920874957,False
2163348,163348 (2002 NN4),69102.9903489358,259.7496533301,580.817881978,True
2163364,163364 (2002 OD20),79300.1008130231,439.0914459693,981.838321526,True
2163373,163373 (2002 PZ39),38067.7359586644,415.484643414,929.0519062809,True
2163412,163412 (2002 RV25),65860.8553195837,896.5096664153,2004.6565565902,False
2163454,163454 (2002 RN129),71538.0603069492,400.4561581924,895.4471917267,False
2163667,163667 (2002 WC1),18859.6645647831,280.902093949,628.116177092,False
2163679,163679 (2002 XG84),35420.9176688938,368.5996993141,824.2139841524,False
2163683,163683 (2002 YP2),77250.2690976872,411.6754573069,920.5343072066,True
2163692,163692 (2003 CY18),40011.32855966,589.5966083829,1318.3780956475,False
2163693,163693 Atira (2003 CP20),72219.9369598837,1388.5290703597,3104.8453900588,False
2163694,163694 (2003 DP13),45941.6145255397,840.5334020728,1879.4898243938,False
2163696,163696 (2003 EB50),88541.2196391301,1313.877806011,2937.9200883689,False
2163697,163697 (2003 EF54),60156.230337958,256.1857544793,572.8487618827,True
2163732,163732 (2003 KP2),32452.2242469486,2130.8602924845,4764.7484645503,False
2163758,163758 (2003 OS13),123288.2935552764,872.0772890947,1950.0241000494,False
2163760,163760 (2003 OR14),38145.9289271548,1226.1821131815,2741.8265578682,False
2163818,163818 (2003 RX7),49668.6864444775,540.2004935068,1207.9250249602,True
2163899,163899 (2003 SD220),32085.4128971268,817.6265333581,1828.2685087962,True
2163902,163902 (2003 SW222),30379.6520179229,960.6274148961,2148.0282007576,False
2164120,164120 (2003 YK),40543.2684759773,413.5756648806,924.7833005128,False
2164121,164121 (2003 YT1),83552.6998102597,1565.1464359352,3499.7738254925,True
2164184,164184 (2004 BF68),52200.7949465662,337.7185971644,755.1617405255,False
2164201,164201 (2004 EC),139185.1517849611,1899.1312347087,4246.5865390018,False
2164202,164202 (2004 EW),37321.5760903166,174.8054531691,390.8768761237,True
2164206,164206 (2004 FN18),42102.9403164374,780.8272774914,1745.9828711568,False
2164207,164207 Cardea (2004 GU9),27220.3713416247,153.6579294004,343.5895754212,True
2164211,164211 (2004 JA27),42737.7301725607,334.6223744549,748.2383760735,True
2164214,164214 (2004 LZ11),943.3321928485,372.0103103398,831.8403422506,False
2164215,164215 Doloreshill (2004 MF6),3510.5496271409,264.578759932,591.6160926106,False
2164216,164216 (2004 OT11),69658.872829686,930.1542539614,2079.8881414182,True
2164217,164217 (2004 PT42),93865.6107435031,983.0033018559,2198.0622050566,False
2164221,164221 (2004 QE20),19734.4797930413,218.0494404829,487.5733713755,False
2164222,164222 (2004 RN9),28591.971973348,179.7028548592,401.8277992159,False
2164294,164294 (2004 XZ130),50807.4901021462,216.0503511964,483.1032718379,False
2164341,164341 (2005 CO),17351.7774821339,202.5606008648,452.9392730968,False
2164342,164342 (2005 CP),66277.6768282547,168.4825692521,376.7384778715,False
2164400,164400 (2005 GN59),32317.2120710658,888.2904163894,1986.2777548083,True
2168044,168044 (2005 SG),88356.4239759235,404.1615334029,903.7326625794,False
2168318,168318 (1989 DA),9729.1129198128,439.0914459693,981.838321526,True
2168378,168378 (1997 ET30),31491.8609394061,1102.9478453221,2466.2663577772,False
2168791,168791 (2000 SQ43),51216.2998775766,451.3931628243,1009.3457966538,False
2169352,169352 (2001 UY16),65753.9723020507,358.5543341929,801.7518648824,False
2169675,169675 (2002 JM97),39554.1074051258,1231.8419126591,2754.482254239,False
2170013,170013 (2002 UO3),30425.1917506206,742.2581530009,1659.7396869634,False
2170086,170086 (2002 XR14),42026.8373537684,625.9720996596,1399.716166857,True
2170502,170502 (2003 WM7),93816.1956233556,896.5096664153,2004.6565565902,False
2170891,170891 (2004 TY16),18335.9084141041,1072.8894545079,2399.0537526223,False
2170903,170903 (2004 WS2),60260.9587426105,608.9126221057,1361.5700153859,True
2171486,171486 (1996 MO),36691.5313409422,552.7833794322,1236.0612132424,False
2171576,171576 (1999 VP11),94751.5096123056,490.4050984179,1096.5791365749,True
2171819,171819 (2001 FZ6),14592.8415320767,560.4733622523,1253.2565375739,False
2171839,171839 (2001 JM1),36564.327993717,378.9264983795,847.3054088524,True
2172034,172034 (2001 WR1),55650.0127256197,718.7121331801,1607.0891860447,False
2172678,172678 (2003 YM137),46981.931387297,443.1543090961,990.9231596608,True
2172718,172718 (2004 BD85),41902.4943198216,445.1998164478,995.4970531478,False
2172722,172722 (2004 BV102),87597.7401930296,777.2397020308,1737.9608085525,False
2172974,172974 (2005 YW55),30675.8936956942,350.3926411083,783.5017643338,False
2173232,173232 (1998 XC9),11701.8658712746,586.8876580364,1312.3206985251,False
2173561,173561 (2000 YV137),58420.5511414572,565.6593584222,1264.852777541,True
2173664,173664 (2001 JU2),10805.8436502711,296.8622512601,663.8041737711,False
2173689,173689 (2001 PK9),27395.2421894244,592.318062676,1324.4634524446,False
2174050,174050 (2002 CC19),92945.4412045651,799.0150812386,1786.652036697,False
2174806,174806 (2003 XL),18935.7389640908,956.213732844,2138.1589076579,False
2175114,175114 (2004 QQ),14362.5272258727,1187.2849879373,2654.8499416927,False
2175189,175189 (2005 EC224),32733.7584193945,584.1911541862,1306.2911326144,False
2175706,175706 (1996 FG3),26494.4383632801,581.5070396458,1300.2892700427,True
2175729,175729 (1998 BB10),56208.0574335665,217.0475943071,485.3331752235,True
2175921,175921 (2000 DM1),58071.2272698294,576.1757510611,1288.3681463596,False
2177016,177016 (2003 BM47),77274.8858068567,271.9912773482,608.1909854376,False
2177049,177049 (2003 EE16),79499.8012697644,291.4439045349,651.6883821679,True
2177255,177255 (2003 WC25),25437.8678218602,1165.6145946859,2606.3934692836,False
2177614,177614 (2004 HK33),46934.3023634077,810.1304882431,1811.5068423567,True
2178601,178601 (2000 CG59),35047.2724478853,752.5839924835,1682.8289659712,False
2178871,178871 (2001 MA8),19045.71471761,766.5755735311,1714.1150923063,False
2179806,179806 (2002 TD66),42138.9222194282,215.0576900016,480.8836139277,True
2180186,180186 (2003 QZ30),46573.6508957027,810.1304882431,1811.5068423567,True
2184266,184266 (2004 VW14),64218.3103353413,336.1669211578,751.6920874957,True
2184990,184990 (2006 KE89),128579.9256873086,1394.9382293439,3119.1767052261,False
2185702,185702 (1998 HK3),38643.9768331326,637.6097898754,1425.7388332807,False
2185716,185716 (1998 SF35),67454.5122437285,683.21119906,1527.7066840872,False
2185851,185851 (2000 DP107),27648.3834176422,578.8352574915,1294.3149835245,True
2186822,186822 (2004 FE31),56571.3945082066,732.0739893473,1636.96720474,False
2186823,186823 (2004 FN32),134249.1320801948,400.4561581924,895.4471917267,False
2186844,186844 (2004 GA1),46178.8954969705,868.0704579141,1941.0645531552,True
2187026,187026 (2005 EK70),68080.4289085694,896.5096664153,2004.6565565902,False
2187040,187040 (2005 JS108),39529.7395975955,384.1978910643,859.0926012318,True
2188174,188174 (2002 JC),75868.2769791917,848.3107618858,1896.8805296212,False
2188452,188452 (2004 HE62),21304.4516021884,840.5334020728,1879.4898243938,False
2189008,189008 (1996 FR3),103894.5864218512,1407.845433864,3148.0380919326,False
2189011,189011 Ogmios (1997 NJ6),35291.0924689857,406.0270582797,907.9041030176,False
2189040,189040 (2000 MU1),86134.338819122,282.1986791034,631.0154296359,True
2189062,189062 (2000 VA45),26039.2560539486,557.8982210671,1247.4983468323,False
2189173,189173 (2002 XY4),86489.7153640067,437.0740040305,977.3271842103,False
2189263,189263 (2005 CA),18055.5831785792,1890.4055192905,4227.0752461745,False
2189552,189552 (2000 RL77),60588.4794909214,1087.8148335624,2432.4279147781,False
2189630,189630 (2001 LE6),74627.516842232,725.3622946704,1621.9593991982,False
2189700,189700 (2001 TA45),18661.4021690066,393.1470095751,879.1034385607,False
2189865,189865 (2003 NC),84479.1167554038,337.7185971644,755.1617405255,True
2190119,190119 (2004 VA64),47618.1449461944,1038.8551010162,2322.9506246446,False
2190135,190135 (2005 QE30),53808.5778426274,904.8049682253,2023.2054153312,False
2190161,190161 (2005 TJ174),26488.1659699449,1176.3998937399,2630.5101311259,False
2190166,190166 (2005 UP156),32686.1912175486,934.4476509242,2089.4884688815,False
2190208,190208 (2006 AQ),54295.7508395417,608.9126221057,1361.5700153859,False
2190491,190491 (2000 FJ10),25288.7330488005,163.1379409728,364.7875257245,False
2190758,190758 (2001 QH96),36338.7813942823,560.4733622523,1253.2565375739,False
2190788,190788 (2001 RT17),82271.11611267,565.6593584222,1264.852777541,False
2191094,191094 (2002 EA3),129176.0431072405,246.9192656061,552.1282628496,False
2192559,192559 (1998 VO),27260.7394125484,218.0494404829,487.5733713755,True
2192563,192563 (1998 WZ6),57124.5207284977,908.9813582014,2032.5441072185,True
2192642,192642 (1999 RD32),46049.5926085604,1307.8410858413,2924.4215717083,False
2193178,193178 (2000 PK5),71536.9532161489,749.1261831301,1675.0970692038,False
2194006,194006 (2001 SG10),30623.5976178345,215.0576900016,480.8836139277,True
2194126,194126 (2001 SG276),51457.4566551407,702.3522476962,1570.5073699984,False
2194268,194268 (2001 UY4),109920.6951035692,573.5284639528,1282.4486324295,True
2194386,194386 (2001 VG5),71150.8217749218,1082.8167784033,2421.2519236872,False
2196068,196068 (2002 TW55),137510.8941442338,628.8614555917,1406.1769631325,True
2196256,196256 (2003 EH1),47190.4844816203,1601.6033797856,3581.2940301941,False
2196625,196625 (2003 RM10),71958.2745250141,232.5706874555,520.0438667242,True
2197588,197588 (2004 HE12),93657.392248522,1001.2786976992,2238.9272324779,True
2198752,198752 (2005 EA60),44880.8966248928,273.246732042,610.9982674756,False
2198856,198856 (2005 LR3),52494.1678866427,1053.307015051,2355.2660868313,False
2199003,199003 (2005 WJ56),44353.147637088,620.2331529543,1386.8834919048,True
2199145,199145 (2005 YY128),104182.5221834029,581.5070396458,1300.2892700427,True
2199801,199801 (2007 AE12),81638.6565183826,356.9069266704,798.0681496756,True
2200754,200754 (2001 WA25),42318.0866419769,527.9040290336,1180.4292945151,False
2200840,200840 (2001 XN254),36706.1191384432,735.4530893504,1644.5231020497,True
2202411,202411 (2005 RC),99807.7574899368,742.2581530009,1659.7396869634,False
2202435,202435 (2005 XH8),131783.4059470722,652.4616297891,1458.9485569187,False
2202683,202683 (2006 US216),117825.5292107029,294.1406017813,657.7183805256,True
2203015,203015 (1999 YF3),49072.2374260512,497.2273129092,1111.8340719346,False
2203471,203471 (2002 AU4),40655.4489545425,342.41673084,765.6670867916,False
2204131,204131 (2003 YL),103698.6010595176,273.246732042,610.9982674756,False
2205378,205378 (2001 BJ16),35511.8640686248,453.476698997,1014.0047251696,False
2205388,205388 (2001 DV8),23638.8553326801,175.6123184804,392.6810818086,False
2205744,205744 (2002 BK25),21343.271158912,589.5966083829,1318.3780956475,False
2206359,206359 (2003 QM47),63033.3432439726,600.5580277247,1342.8885744257,False
2206378,206378 (2003 RB),31124.6204897673,470.4949611208,1052.0587161372,True
2206910,206910 (2004 NL8),48735.9225153238,930.1542539614,2079.8881414182,True
2207398,207398 (2006 AS2),94396.541844857,225.1930466786,503.5469604336,True
2207945,207945 (1991 JW),17784.5585378428,318.0936332215,711.2789870931,True
2207970,207970 (1996 BZ3),10198.4012994687,628.8614555917,1406.1769631325,False
2208023,208023 (1999 AQ10),27954.3342178896,209.196770901,467.778200408,True
2208115,208115 (2000 CT101),80969.5363029836,179.7028548592,401.8277992159,True
2208565,208565 (2002 CT11),140537.9993414627,973.9910734139,2177.9102496316,False
2208617,208617 (2002 EB3),59858.7094119694,718.7121331801,1607.0891860447,False
2209215,209215 (2003 WP25),68281.3892440145,36.6906137531,82.0427064882,False
2209924,209924 (2005 WS55),48789.5176749406,1467.4218336083,3281.2549716154,False
2210012,210012 (2006 KT1),7168.8770716592,1187.2849879373,2654.8499416927,False
2211871,211871 (2004 HO),50466.9309692972,451.3931628243,1009.3457966538,False
2211914,211914 (2004 RM251),18993.5912490215,708.8510330298,1585.0390957756,False
2212359,212359 (2006 EV52),71292.1719645882,1203.8017673838,2691.7825833046,False
2212546,212546 (2006 SV19),28997.1302055079,763.0534787022,1706.2394488457,True
2213053,213053 (1998 WT30),2350.7933167411,283.501249023,633.9280645215,False
2213869,213869 (2003 SG170),86989.9174942604,725.3622946704,1621.9593991982,False
2214088,214088 (2004 JN13),20661.9396524273,2272.7673228475,5082.0622309272,False
2214869,214869 (2007 PA8),41739.4170469256,1326.0349676687,2965.104328249,True
2215167,215167 (2000 EL26),53524.8761232622,439.0914459693,981.838321526,False
2215188,215188 (2000 NM),72255.8985504743,2130.8602924845,4764.7484645503,False
2215442,215442 (2002 MQ3),81536.1692664798,523.0641758041,1169.6070536928,False
2215588,215588 (2003 HF2),42628.0238475818,347.1802220654,776.3185769818,True
2215757,215757 (2004 FU64),47262.6548243813,705.5941583731,1577.756502649,False
2216115,216115 (2006 SU19),70630.9064955104,439.0914459693,981.838321526,True
2216258,216258 (2006 WH1),42410.3214663749,228.3257940161,510.5519964367,True
2216523,216523 (2001 HY7),54111.0765494545,192.5550781879,430.566244241,True
2216985,216985 (2000 QK130),40983.2409440455,143.4019234645,320.6564489709,True
2217013,217013 (2001 AA50),75700.3220393184,461.9074602816,1032.8564805039,False
2217390,217390 (2005 CW25),82384.8594949645,457.6726672313,1023.3871953728,False
2217430,217430 (2005 SN25),61576.7610438428,327.0054392819,731.2063912466,True
2217628,217628 Lugh (1990 HA),21510.9049093082,1226.1821131815,2741.8265578682,True
2217796,217796 (2000 TO64),90479.9064562978,951.8203298188,2128.3349598411,False
2217807,217807 (2000 XK44),42156.3435652022,557.8982210671,1247.4983468323,False
2217837,217837 (2001 LC),68408.6063651237,372.0103103398,831.8403422506,False
2218017,218017 (2001 XV266),36626.317607804,288.7719307574,645.7136671674,False
2218863,218863 (2006 WO127),10371.4213502627,1434.0192346452,3206.5644897089,False
2219021,219021 (1991 LH),109675.7530937107,1092.8359586958,2443.6554919,False
2219071,219071 (1997 US9),53479.1913825348,983.0033018559,2198.0622050566,False
2219527,219527 (2001 QK142),25535.5515279692,1058.1688593312,2366.137501138,False
2220124,220124 (2002 TE66),91751.876554684,470.4949611208,1052.0587161372,False
2220839,220839 (2004 VA),41346.3187049418,860.111940119,1923.2687663652,True
2220909,220909 (2005 EO1),98517.873317787,623.096019112,1393.285055244,False
2221455,221455 (2006 BC10),61569.6323705435,331.5545380858,741.3784854083,True
2221787,221787 (2007 VZ30),24753.0876140814,147.4195145042,329.6400556414,False
2221980,221980 (1996 EO),92176.9146382118,400.4561581924,895.4471917267,True
2222008,222008 (1998 QQ63),58187.2534368293,387.7528303812,867.0416872003,False
2222073,222073 (1999 HY1),56977.9602359396,637.6097898754,1425.7388332807,False
2222165,222165 (2000 AX93),44152.7224691196,695.9130435846,1556.108871884,False
2222869,222869 (2002 FB6),80450.3518970972,738.8477865704,1652.1138757967,False
2223456,223456 (2003 UB10),30043.1437576611,584.1911541862,1306.2911326144,False
2224926,224926 (2007 DA41),80617.9167592603,810.1304882431,1811.5068423567,False
2225312,225312 (1996 XB27),12060.3816584514,108.7814833562,243.2427914778,False
2225416,225416 (1999 YC),96529.4323649759,896.5096664153,2004.6565565902,False
2225586,225586 (2000 WS67),97670.6153924569,530.3407233187,1185.8779085771,False
2225900,225900 (2002 AF3),67896.5583232505,680.0721287395,1520.6875094646,False
2226198,226198 (2002 UN3),30719.2422100312,451.3931628243,1009.3457966538,False
2226219,226219 (2002 VT85),23881.8086237038,614.5468212287,1374.1684676237,False
2226514,226514 (2003 UX34),74546.8987075452,246.9192656061,552.1282628496,True
2226554,226554 (2003 WR21),30027.9671888418,316.6321257337,708.0109570008,True
2228368,228368 (2000 WK10),78359.080020746,499.5224099063,1116.966064835,True
2228502,228502 (2001 TE2),44422.3418575817,220.0670271147,492.0848322348,False
2228587,228587 (2002 AP7),43162.2806161781,325.5029857646,727.8468030489,False
2229007,229007 (2003 XF11),27799.5990943803,1029.3308202017,2301.6536853065,False
2230089,230089 (2000 WP148),78401.7947163319,340.84346887,762.1491660801,False
2230111,230111 (2001 BE10),60958.3320563843,372.0103103398,831.8403422506,True
2230118,230118 (2001 DB3),42559.5469122349,1015.2078718928,2270.0738128453,False
2230420,230420 (2002 PP6),97137.6563034749,380.6755436269,851.2163929215,False
2230549,230549 (2003 BH),63506.4776990669,185.5901730037,414.9922427922,True
2230599,230599 (2003 FJ1),102523.0846870606,705.5941583731,1577.756502649,False
2230979,230979 (2005 AT42),33523.2223807158,1283.9702958217,2871.0448625479,False
2231937,231937 (2001 FO32),199073.1921768482,810.1304882431,1811.5068423567,True
2232368,232368 (2003 AZ2),46941.7118387843,578.8352574915,1294.3149835245,False
2232382,232382 (2003 BT47),8824.2580539765,947.447112647,2118.5561489645,False
2232691,232691 (2004 AR1),87124.0510686953,283.501249023,633.9280645215,True
2234061,234061 (1999 HE1),12669.0294789149,766.5755735311,1714.1150923063,False
2234145,234145 (2000 EW70),43385.9924699647,128.3970295822,287.1044862548,True
2234341,234341 (2001 FZ57),64356.3290582168,435.0658313955,972.8367736878,False
2235086,235086 (2003 HW11),5644.2922329597,900.647767018,2013.9096308356,False
2235700,235700 (2004 TR13),68558.8948663018,515.8874662642,1153.5594433068,False
2235756,235756 (2004 VC),79586.4943982308,511.1577815443,1142.9835467611,True
2236716,236716 (2007 FV42),52619.3175389652,692.7156135897,1548.9592010621,False
2237442,237442 (1999 TA10),39587.1035225292,620.2331529543,1386.8834919048,False
2237805,237805 (2002 CF26),69368.2633255698,880.1465209007,1968.067450894,False
2239849,239849 (1999 VO11),51908.4792772322,494.942760925,1106.7256583997,False
2240320,240320 (2003 HS42),27080.1058680638,233.6441849736,522.4442801486,False
2241370,241370 (2008 LW8),50639.9178091712,872.0772890947,1950.0241000494,False
2241596,241596 (1998 XM2),46789.2994176148,947.447112647,2118.5561489645,False
2242147,242147 (2003 BH84),96711.6502562029,1043.6502382921,2333.6728775551,False
2242187,242187 (2003 KR18),9458.2979809878,670.7411893253,1499.8228946405,False
2242191,242191 (2003 NZ6),74643.0456341509,417.4024333919,933.340215038,False
2242211,242211 (2003 QB90),4213.4940404365,611.7232350672,1367.8547370263,False
2242216,242216 (2003 RN10),31529.0739889525,2007.0351411347,4487.8670088081,True
2242450,242450 (2004 QY2),74048.006003503,3137.2922495623,7015.1987353045,True
2242643,242643 (2005 NZ6),103259.2841321195,884.2090926555,1977.151637501,True
2242708,242708 (2005 UK1),67905.4360051296,631.7641481849,1412.6675810887,True
2243025,243025 (2006 UM216),13643.493227535,1638.9095149478,3664.7130843945,False
2243298,243298 (2008 EN82),32021.152591541,1961.3494436831,4385.7106837069,False
2243566,243566 (1995 SA),24030.4125157831,892.3905786578,1995.4459963592,True
2244670,244670 (2003 KN18),39384.1470396413,606.1149227377,1355.3141694186,False
2244977,244977 (2004 BE68),49609.0596395952,565.6593584222,1264.852777541,True
2246138,246138 (2007 OG3),18266.8698830481,595.0520786315,1330.5768979725,False
2247156,247156 (2000 YH29),34142.3682565233,620.2331529543,1386.8834919048,False
2247360,247360 (2001 XU),110843.7790995619,356.9069266704,798.0681496756,True
2247517,247517 (2002 QY6),48166.5074227996,313.7292249562,701.5198735305,False
2248083,248083 (2004 QU24),31507.9833269032,1579.6285576002,3532.156833994,False
2248590,248590 (2006 CS),42576.3551334935,1447.2880512552,3236.2344656297,False
2248926,248926 (2006 WZ2),44560.0490266069,996.6782399685,2228.6402962644,False
2249595,249595 (1997 GH28),5525.1076426607,766.5755735311,1714.1150923063,False
2249615,249615 (1999 TB5),63816.6434791212,411.6754573069,920.5343072066,False
2249816,249816 (2001 FD90),44314.7624020562,363.5423218434,812.9053443399,False
2249886,249886 (2001 RY11),70859.9142616108,795.3439404105,1778.4431162503,False
2250162,250162 (2002 TY57),6260.0059670299,313.7292249562,701.5198735305,False
2250458,250458 (2004 BO41),63255.2206664509,667.6594134952,1492.931834393,False
2250577,250577 (2005 AC),143752.4843106748,565.6593584222,1264.852777541,False
2250614,250614 (2005 GG),93666.7069318001,1515.4966357222,3388.7534971471,False
2250620,250620 (2005 GE59),53828.324696948,646.4798256118,1445.5728361502,True
2250680,250680 (2005 QC5),39158.1001905012,315.1773332628,704.7579421428,True
2250697,250697 (2005 QY151),41055.276738362,695.9130435846,1556.108871884,False
2250706,250706 (2005 RR6),37080.951883421,518.2686946157,1158.8840317708,True
2251346,251346 (2007 SJ),34000.1093560401,1118.2913782459,2500.5755404097,True
2251722,251722 (1997 US2),60532.1140133621,288.7719307574,645.7136671674,True
2251732,251732 (1998 HG49),16530.1284459856,118.1829908933,264.2652014216,False
2252091,252091 (2000 UP30),27501.7024446993,951.8203298188,2128.3349598411,False
2252373,252373 (2001 SA270),182797.313637794,620.2331529543,1386.8834919048,False
2252399,252399 (2001 TX44),61688.6504173458,348.7827331593,779.9019007224,True
2252558,252558 (2001 WT1),50999.5667527189,224.1583786137,501.2333723065,False
2253062,253062 (2002 TC70),6570.9212596977,160.1603379786,358.1294030194,False
2253106,253106 (2002 UR3),118124.4424039229,1237.527836584,2767.1963666501,False
2253586,253586 (2003 TX7),67028.4570247099,363.5423218434,812.9053443399,False
2253841,253841 (2003 YG118),58338.7416875689,934.4476509242,2089.4884688815,True
2254417,254417 (2004 VV),124104.9352758674,965.0614695789,2157.9430484443,False
2254419,254419 (2004 VT60),76643.6776171661,756.0577623597,1690.5965515526,False
2255071,255071 (2005 UH6),123568.1723366528,565.6593584222,1264.852777541,True
2255501,255501 (2006 BG),52499.5855071808,492.6687055037,1101.640715893,False
2256004,256004 (2006 UP),18232.9171930032,66.1538275199,147.9244553064,False
2256670,256670 (2007 XT58),35583.6432169885,608.9126221057,1361.5700153859,False
2257744,257744 (2000 AD205),56781.1852712032,504.1444338579,1127.3012245845,False
2257838,257838 (2000 JQ66),29581.3638963513,667.6594134952,1492.931834393,False
2259221,259221 (2003 BA21),61701.3569333279,385.9712679548,863.0579925088,False
2260141,260141 (2004 QT24),39602.8105326842,578.8352574915,1294.3149835245,True
2260277,260277 (2004 TR12),46353.2663318846,589.5966083829,1318.3780956475,False
2261938,261938 (2006 OB5),2070.3095579616,223.1284644169,498.9304141512,False
2262623,262623 (2006 WY2),73956.5785849972,497.2273129092,1111.8340719346,False
2263976,263976 (2009 KD5),24942.3406967913,570.8933400239,1276.5563161953,True
2264308,264308 (1999 NA5),13987.5794126632,218.0494404829,487.5733713755,False
2264357,264357 (2000 AZ93),26676.0801296805,155.079708716,346.7687706198,True
2264993,264993 (2003 DX10),29867.5057928701,217.0475943071,485.3331752235,True
2265032,265032 (2003 OU),31945.4508419198,1447.2880512552,3236.2344656297,False
2265187,265187 (2003 YS117),70758.5959362179,586.8876580364,1312.3206985251,False
2265196,265196 (2004 BW58),32608.4805606442,455.5698523357,1018.6851583223,True
2265482,265482 (2005 EE),26200.1852457811,152.249185036,340.4395272595,True
2265661,265661 (2005 UB),113791.3825779976,1149.6217628911,2570.6324102375,False
2267131,267131 (2000 EK26),15590.8074172376,597.7987142312,1336.7185618828,True
2267136,267136 (2000 EF104),29409.3603242596,437.0740040305,977.3271842103,False
2267221,267221 (2001 AD2),128059.0501676281,284.8098313322,636.8541435189,True
2267223,267223 (2001 DQ8),128760.886005966,620.2331529543,1386.8834919048,False
2267270,267270 (2001 RP17),14696.936772359,592.318062676,1324.4634524446,False
2267337,267337 (2001 VK5),76211.3844392108,652.4616297891,1458.9485569187,True
2267494,267494 (2002 JB9),108813.7920084293,1550.7970871596,3467.6877061976,True
2267720,267720 (2003 CA),100718.282107121,439.0914459693,981.838321526,True
2267729,267729 (2003 FC5),106560.9104094403,540.2004935068,1207.9250249602,True
2267759,267759 (2003 MC7),40518.8608946774,439.0914459693,981.838321526,False
2267940,267940 (2004 EM20),80584.6727532352,221.0828103591,494.3561926196,False
2269690,269690 (1996 RG3),26221.9740183162,537.7184976927,1202.3751135999,True
2271480,271480 (2004 FX31),51725.9569296722,780.8272774914,1745.9828711568,False
2274138,274138 (2008 FU6),53031.0551897239,742.2581530009,1659.7396869634,False
2275545,275545 (1998 UN1),54708.2941553208,606.1149227377,1355.3141694186,False
2275558,275558 (1999 RH33),20639.8314076201,409.783980394,916.3048362514,False
2275611,275611 (1999 XX262),10793.2579481541,623.096019112,1393.285055244,False
2275677,275677 (2000 RS11),35381.9827237306,380.6755436269,851.2163929215,True
2275714,275714 (2000 YH4),67871.616137581,457.6726672313,1023.3871953728,False
2275974,275974 (2001 XD),57049.8257613226,488.151891662,1091.5408131013,False
2275975,275975 (2001 XF1),74903.5049099519,339.2774353821,758.6474087461,False
