latitude,longitude,k_value,lithology_name
-18.501,-177.303,0.5,calcareous ooze
-20.222,-176.823,0.275,calcareous ooze
44.69,-168.24,0.5,bauxite
65.468,-163.466,0.648,sandstone
68.209,-162.729,0.43333333333333335,sandstone
55.547,-161.187,0.51875,sandstone
59.571,-161.016,0.631578947368421,siliciclastic
68.794,-159.956,0.44000000000000006,sandstone
67.389,-159.922,0.6571428571428571,greywacke
69.847,-159.802,0.43333333333333335,sandstone
59.066,-159.708,0.5800000000000001,sandstone
68.272,-159.508,0.39999999999999997,sandstone
60.23,-159.341,0.5230769230769231,sandstone
64.971,-158.131,0.6086956521739131,sandstone
56.911,-157.786,0.5529411764705883,sandstone
68.374,-156.7,0.4727272727272727,sandstone
67.707,-154.909,0.5769230769230769,sandstone
58.608,-154.716,0.5529411764705883,sandstone
70.644,-154.583,0.4882352941176471,sandstone
68.198,-154.416,0.5230769230769231,sandstone
62.24,-154.033,0.56,siliciclastic
68.973,-153.516,0.48000000000000004,sandstone
57.559,-153.397,0.6052631578947368,sandstone
64.914,-153.326,0.6,sandstone
67.758,-152.784,0.425,sandstone
60.0,-152.508,0.5578947368421052,sandstone
62.986,-151.935,0.5866666666666667,sandstone
67.482,-151.723,0.48666666666666664,sandstone
68.296,-151.695,0.44000000000000006,sandstone
70.26,-151.269,0.45,sandstone
67.907,-150.633,0.5705882352941176,sandstone
67.048,-150.095,0.6541666666666667,siliciclastic
64.533,-149.97,0.62,sandstone
70.343,-149.276,0.47058823529411764,sandstone
62.327,-148.932,0.5333333333333333,sandstone
68.887,-148.905,0.52,sandstone
60.958,-148.723,0.7166666666666667,sandstone
26.03,-147.933,0.5,calcareous ooze
63.175,-147.925,0.6714285714285715,greywacke
64.323,-147.925,0.5846153846153846,sandstone
65.882,-147.668,0.6576923076923078,sandstone
69.889,-147.653,0.46875,sandstone
60.058,-147.196,0.5,sandstone
61.743,-146.914,0.631578947368421,sandstone
65.001,-146.083,0.6888888888888889,conglomerate
63.34,-145.831,0.59375,sandstone
70.015,-145.668,0.46153846153846156,sandstone
62.353,-145.468,0.5,sandstone
59.9,-144.449,0.5599999999999999,sandstone
64.666,-144.371,0.7523809523809524,sand
60.35,-144.178,0.6375,sandstone
65.915,-144.125,0.585,sandstone
69.793,-143.479,0.525,sandstone
67.085,-143.374,0.4846153846153846,sandstone
69.046,-142.446,0.5947368421052632,sandstone
62.392,-142.418,0.5916666666666667,sandstone
60.221,-142.292,0.5846153846153845,siliciclastic
61.217,-141.986,0.593939393939394,siliciclastic
63.645,-141.959,0.6961538461538462,siliciclastic
66.054,-141.526,0.54375,sandstone
59.833,-140.533,0.6142857142857142,sandstone
60.817,-140.178,0.64,sandstone
14.87,-140.044,0.5,calcareous ooze
67.751,-139.853,0.4727272727272727,sandstone
68.762,-139.273,0.5272727272727272,sandstone
67.172,-139.211,0.4571428571428572,sandstone
59.443,-139.021,0.6833333333333332,arkose
61.033,-138.832,0.6521739130434783,sandstone
64.55,-138.817,0.615,sandstone
65.829,-138.751,0.5285714285714286,sandstone
66.548,-137.569,0.4666666666666667,sandstone
60.04,-137.42,0.7064516129032259,sandstone
67.036,-137.369,0.4727272727272727,sandstone
68.523,-137.287,0.45,sandstone
68.777,-137.226,0.43333333333333335,sandstone
61.454,-137.17,0.676,arkose
58.653,-137.141,0.676923076923077,sandstone
62.135,-136.216,0.7263157894736842,breccia
60.583,-135.826,0.7818181818181817,sand
65.718,-135.657,0.4727272727272727,sandstone
59.325,-135.641,0.5,sandstone
8.889,-135.367,0.5,calcareous ooze
58.622,-135.303,0.575,greywacke
61.426,-134.99,0.58,arkose
64.891,-134.436,0.5,sandstone
62.78,-134.215,0.65,sandstone
69.131,-133.994,0.41,sandstone
56.738,-133.806,0.62,sandstone
58.58,-133.638,0.6583333333333333,sandstone
31.537,-133.373,0.5,calcareous ooze
0.499,-133.309,0.5,calcareous ooze
59.258,-133.272,0.625,sandstone
55.683,-133.265,0.625,sandstone
65.528,-133.235,0.4846153846153846,sandstone
61.031,-133.199,0.7176470588235295,conglomerate
67.943,-132.77,0.37142857142857144,carbonate
55.094,-132.335,0.6307692307692307,greywacke
53.142,-132.193,0.5789473684210527,sandstone
58.621,-131.823,0.6,greywacke
61.155,-131.571,0.6166666666666667,sandstone
57.909,-131.512,0.6294117647058824,sandstone
68.993,-131.014,0.3875,sandstone
11.705,-130.88,0.5,calcareous ooze
58.693,-130.75,0.645,greywacke
64.319,-130.717,0.5411764705882353,sandstone
61.469,-130.617,0.6708333333333334,sandstone
65.086,-130.536,0.4444444444444444,sandstone
40.985,-130.11,0.5,calcareous ooze
54.497,-129.964,0.655,greywacke
-18.806,-129.77,0.5,calcareous ooze
62.604,-129.404,0.5846153846153845,sandstone
57.913,-129.368,0.6799999999999999,sandstone
58.92,-129.23,0.6428571428571429,sandstone
54.513,-128.86,0.7222222222222222,sand
63.261,-128.852,0.5083333333333333,sandstone
47.917,-128.792,0.35000000000000003,sand
47.909,-128.749,0.35000000000000003,sand
60.352,-128.729,0.5666666666666667,sandstone
47.888,-128.648,0.35000000000000003,sand
47.89,-128.566,0.35000000000000003,sand
47.858,-128.504,0.35000000000000003,sand
47.832,-128.376,0.35000000000000003,sand
64.406,-128.109,0.46153846153846156,sandstone
50.606,-128.065,0.611764705882353,sandstone
55.045,-127.987,0.6166666666666667,sandstone
58.822,-127.799,0.6,sandstone
55.276,-127.634,0.58,sandstone
63.139,-127.607,0.4642857142857143,sandstone
40.955,-127.515,0.38,calcareous ooze
62.81,-127.445,0.5,sandstone
53.504,-126.976,0.6333333333333333,sandstone
68.317,-126.655,0.44000000000000006,sandstone
65.367,-126.552,0.41,sandstone
62.963,-126.496,0.4571428571428572,sandstone
61.204,-126.41,0.4846153846153846,sandstone
56.413,-125.794,0.6625,sandstone
59.51,-125.695,0.51,sandstone
65.053,-125.65,0.4538461538461539,sandstone
58.173,-125.63,0.5166666666666667,sandstone
56.652,-125.341,0.625,sandstone
58.709,-125.315,0.5333333333333333,sandstone
62.854,-125.285,0.4375,sandstone
51.313,-124.84,0.6411764705882353,sandstone
56.819,-124.751,0.631578947368421,sandstone
63.763,-124.699,0.5125,sand
48.605,-124.613,0.6263157894736843,sandstone
48.158,-124.495,0.5,sandstone
42.772,-124.391,0.39999999999999997,sandstone
40.557,-124.349,0.4785714285714286,sandstone
47.46,-124.226,0.475,sandstone
49.157,-124.204,0.5722222222222223,sandstone
43.428,-124.201,0.4727272727272727,sandstone
40.446,-124.093,0.39999999999999997,sandstone
43.818,-124.078,0.5,sandstone
51.127,-124.035,0.6285714285714287,sandstone
41.975,-123.927,0.55,sandstone
44.611,-123.896,0.51875,sandstone
46.094,-123.868,0.4785714285714286,sandstone
58.193,-123.698,0.5357142857142857,sandstone
46.991,-123.693,0.47500000000000003,sandstone
65.705,-123.642,0.55625,sandstone
38.911,-123.593,0.45,sandstone
40.804,-123.519,0.6307692307692309,sandstone
46.49,-123.501,0.5,sandstone
68.64,-123.42,0.4727272727272727,sandstone
74.152,-123.321,0.5,sandstone
45.094,-123.256,0.5,sandstone
63.538,-123.243,0.5222222222222223,sandstone
45.933,-123.162,0.5,sandstone
40.761,-123.15,0.47000000000000003,sandstone
40.57,-123.131,0.525,sandstone
44.081,-123.083,0.5214285714285715,sandstone
48.025,-123.034,0.4454545454545455,sandstone
38.083,-122.908,0.4571428571428572,sandstone
46.658,-122.876,0.5,sandstone
43.25,-122.859,0.4727272727272727,sandstone
40.748,-122.85,0.3875,sandstone
59.458,-122.829,0.5333333333333333,sandstone
51.0,-122.728,0.5,sandstone
47.565,-122.724,0.45,sandstone
38.372,-122.695,0.4846153846153846,sandstone
49.772,-122.655,0.6611111111111111,sandstone
41.723,-122.635,0.4583333333333333,graywacke
53.528,-122.601,0.6411764705882353,sandstone
45.243,-122.579,0.5,sandstone
60.815,-122.56,0.5117647058823529,sandstone
41.108,-122.554,0.5466666666666667,sandstone
40.26,-122.48,0.5071428571428572,sandstone
37.235,-122.404,0.47692307692307695,sandstone
37.528,-122.4,0.43846153846153846,sandstone
52.116,-122.389,0.62,sandstone
48.723,-122.32,0.41818181818181815,siliciclastic
37.976,-122.317,0.5142857142857143,sandstone
56.705,-122.29,0.47000000000000003,sandstone
39.591,-122.283,0.48571428571428577,sandstone
37.322,-122.272,0.5166666666666667,sandstone
63.263,-122.205,0.5375,sandstone
37.834,-122.204,0.5823529411764706,sandstone
37.069,-122.104,0.575,sandstone
38.091,-122.079,0.47500000000000003,sandstone
38.532,-121.964,0.4875,sandstone
47.071,-121.953,0.44000000000000006,siliciclastic
50.723,-121.953,0.5375,sandstone
41.245,-121.943,0.5684210526315789,sandstone
49.146,-121.941,0.5833333333333334,sandstone
37.939,-121.931,0.585,siliciclastic
37.346,-121.921,0.44666666666666666,sandstone
37.789,-121.848,0.55,sandstone
57.993,-121.846,0.5083333333333333,sandstone
38.11,-121.81,0.47500000000000003,sandstone
36.482,-121.741,0.5900000000000001,sandstone
38.408,-121.498,0.5066666666666667,sandstone
36.83,-121.496,0.5800000000000001,sandstone
49.41,-121.493,0.5857142857142856,sandstone
56.305,-121.468,0.58,sandstone
36.078,-121.456,0.509090909090909,sandstone
73.2,-121.416,0.4666666666666667,sandstone
37.706,-121.39,0.53,sandstone
50.829,-121.354,0.5952380952380952,sandstone
36.685,-121.282,0.49333333333333335,sandstone
47.695,-121.158,0.4454545454545455,sandstone
52.512,-121.113,0.7157894736842105,carbonatite
72.086,-121.068,0.4666666666666667,sandstone
38.508,-120.99,0.64,sandstone
37.988,-120.985,0.5235294117647059,sandstone
44.334,-120.942,0.6142857142857142,sandstone
60.424,-120.94,0.5642857142857143,sandstone
55.88,-120.939,0.5117647058823529,sandstone
42.788,-120.91,0.6000000000000001,diatomite
53.114,-120.909,0.6263157894736843,sandstone
40.078,-120.904,0.6578947368421053,sandstone
45.634,-120.864,0.5900000000000001,sandstone
63.075,-120.825,0.5166666666666667,sandstone
49.065,-120.782,0.6090909090909091,sandstone
36.551,-120.728,0.4733333333333334,sandstone
39.405,-120.689,0.63,sandstone
35.458,-120.676,0.5235294117647059,sandstone
37.438,-120.574,0.625,sandstone
36.179,-120.49,0.4789473684210526,sandstone
34.916,-120.483,0.38,sandstone
40.065,-120.467,0.5599999999999999,sandstone
37.704,-120.431,0.6857142857142857,sandstone
50.676,-120.341,0.6687500000000001,greywacke
38.049,-120.335,0.7666666666666666,chert
35.389,-120.288,0.525,sandstone
56.178,-120.234,0.5473684210526316,sandstone
54.254,-120.18,0.4857142857142857,sandstone
35.756,-120.147,0.4714285714285714,sandstone
36.094,-120.134,0.47500000000000003,sandstone
35.618,-119.955,0.4714285714285714,sandstone
46.568,-119.951,0.45,sandstone
34.523,-119.949,0.43076923076923074,sandstone
36.503,-119.93,0.43333333333333335,sandstone
51.466,-119.911,0.655,sandstone
-19.452,-119.881,0.5,calcareous ooze
35.005,-119.853,0.4727272727272727,sandstone
35.575,-119.706,0.47500000000000003,sandstone
35.72,-119.63,0.4727272727272727,sandstone
35.308,-119.607,0.38,sandstone
39.21,-119.558,0.6464285714285715,siliciclastic
35.248,-119.392,0.38,sandstone
49.196,-119.352,0.7115384615384616,sandstone
44.252,-119.248,0.6190476190476191,sandstone
35.03,-119.22,0.36666666666666664,sandstone
35.441,-119.191,0.4727272727272727,sandstone
34.199,-119.186,0.4454545454545455,sandstone
53.295,-119.074,0.509090909090909,sandstone
41.458,-119.041,0.5517241379310345,siliciclastic
34.416,-118.958,0.4666666666666667,sandstone
58.673,-118.951,0.58125,sandstone
32.69,-118.92,0.575,sandstone
34.99,-118.89,0.49090909090909096,sandstone
43.051,-118.883,0.6357142857142858,breccia
63.378,-118.835,0.5882352941176471,sandstone
76.955,-118.719,0.5,sandstone
34.082,-118.714,0.5214285714285715,sandstone
35.246,-118.69,0.5384615384615384,sandstone
34.98,-118.66,0.55,sandstone
34.668,-118.656,0.4727272727272727,sandstone
34.303,-118.525,0.6100000000000001,sandstone
67.053,-118.455,0.6388888888888888,sandstone
34.453,-118.453,0.6047619047619048,sandstone
75.737,-118.417,0.5,sandstone
33.755,-118.332,0.48,sandstone
40.711,-118.241,0.603125,siliciclastic
37.3,-118.223,0.54375,sandstone
29.965,-118.101,0.4571428571428572,calcareous ooze
52.904,-117.914,0.44000000000000006,sandstone
64.99,-117.751,0.7166666666666667,arkose
38.231,-117.713,0.6379310344827587,siliciclastic
33.817,-117.684,0.6,sandstone
53.268,-117.594,0.50625,sandstone
50.449,-117.537,0.6920000000000001,sandstone
49.262,-117.532,0.6933333333333334,sandstone
33.911,-117.531,0.5952380952380952,sandstone
33.556,-117.524,0.4428571428571429,sandstone
43.709,-117.498,0.6090909090909091,sandstone
34.337,-117.472,0.5111111111111111,sandstone
34.98,-117.47,0.6230769230769231,gravel
44.995,-117.394,0.6052631578947368,siliciclastic
34.512,-117.328,0.7055555555555556,conglomerate
64.002,-117.303,0.7705882352941177,orthogneiss
33.166,-117.283,0.43846153846153846,sandstone
46.556,-117.199,0.6,greywacke
32.866,-117.15,0.4076923076923077,sandstone
50.996,-117.116,0.6888888888888889,sandstone
33.549,-117.087,0.6130434782608696,sandstone
32.566,-117.016,0.41,sandstone
39.155,-117.0,0.6148148148148148,sandstone
53.659,-116.987,0.5357142857142857,sandstone
34.89,-116.92,0.62,sandstone
36.453,-116.92,0.6228571428571429,siliciclastic
34.216,-116.858,0.6679999999999999,sandstone
63.196,-116.839,0.6777777777777778,carbonate
33.128,-116.741,0.42500000000000004,sandstone
51.493,-116.723,0.55,sandstone
48.608,-116.541,0.58,conglomerate
33.637,-116.5,0.6125,siliciclastic
34.8,-116.389,0.6285714285714287,sandstone
47.349,-116.35,0.5166666666666667,carbonate
51.031,-116.093,0.4444444444444444,sandstone
32.961,-116.002,0.6058823529411765,sandstone
42.186,-115.945,0.6542857142857144,siliciclastic
43.56,-115.92,0.5,gravel
40.99,-115.9,0.61875,sandstone
71.098,-115.858,0.6,sandstone
33.57,-115.85,0.6095238095238096,siliciclastic
34.846,-115.804,0.65625,sandstone
50.401,-115.797,0.5421052631578948,sandstone
33.937,-115.699,0.6625,sandstone
36.42,-115.434,0.50625,sandstone
60.756,-115.398,0.6192307692307693,sandstone
47.931,-115.392,0.5857142857142856,sandstone
35.433,-115.333,0.625,sandstone
49.669,-115.293,0.5333333333333333,sandstone
51.211,-115.264,0.5428571428571429,sandstone
76.073,-115.255,0.5,sandstone
54.826,-115.211,0.5349999999999999,sandstone
50.906,-114.989,0.48666666666666664,sandstone
43.233,-114.666,0.6100000000000001,sandstone
36.333,-114.65,0.58,sandstone
38.895,-114.645,0.5846153846153846,siliciclastic
37.78,-114.558,0.6230769230769231,siliciclastic
49.504,-114.386,0.5333333333333333,sandstone
44.15,-114.353,0.6206896551724138,sandstone
62.456,-114.351,0.7250000000000001,greywacke
50.459,-114.276,0.5117647058823529,sandstone
50.011,-114.265,0.5727272727272728,sandstone
33.591,-114.061,0.5884615384615385,sandstone
51.274,-114.028,0.4307692307692308,sandstone
40.025,-113.903,0.525,sandstone
49.06,-113.881,0.55,sandstone
49.268,-113.837,0.5052631578947369,sandstone
48.544,-113.834,0.54,sandstone
67.538,-113.812,0.6894736842105263,sandstone
38.08,-113.778,0.6666666666666666,metaconglomerate
41.95,-113.756,0.6318181818181818,siliciclastic
39.741,-113.716,0.5850000000000001,siliciclastic
38.91,-113.675,0.5148148148148148,sandstone
37.3,-113.578,0.591304347826087,sandstone
53.661,-113.554,0.4857142857142857,sandstone
44.375,-113.48,0.5541666666666667,siliciclastic
41.136,-113.396,0.591304347826087,siliciclastic
38.341,-112.973,0.668421052631579,siliciclastic
46.435,-112.899,0.5920000000000001,sandstone
48.181,-112.762,0.5117647058823529,siliciclastic
47.316,-112.728,0.5666666666666667,sandstone
42.71,-112.311,0.5666666666666667,sandstone
40.554,-112.298,0.6105263157894737,siliciclastic
39.178,-112.25,0.5444444444444445,siliciclastic
75.242,-112.206,0.5,sandstone
36.03,-112.18,0.5277777777777778,sandstone
45.435,-112.118,0.6192307692307693,sandstone
38.392,-112.108,0.6111111111111112,sandstone
40.003,-112.025,0.5263157894736842,sandstone
32.252,-111.665,0.61875,sandstone
57.363,-111.629,0.5285714285714286,sandstone
40.98,-111.616,0.5709677419354838,sandstone
41.705,-111.593,0.6083333333333333,sandstone
40.246,-111.536,0.55,sandstone
77.912,-111.246,0.5,sandstone
48.432,-110.888,0.4904761904761905,siliciclastic
40.245,-110.82,0.5066666666666666,sandstone
41.611,-110.711,0.6277777777777778,sandstone
49.364,-110.676,0.505,sandstone
42.78,-110.618,0.6111111111111112,sandstone
44.513,-110.578,0.609375,siliciclastic
1.297,-110.521,0.5,calcareous ooze
0.183,-110.52,0.5,calcareous ooze
52.519,-110.451,0.4846153846153846,sandstone
33.878,-110.44,0.5944444444444446,sandstone
66.73,-110.334,0.6578947368421053,siliciclastic
54.432,-110.303,0.5307692307692308,sandstone
31.62,-110.15,0.6535714285714286,sandstone
35.951,-109.905,0.5352941176470588,sandstone
43.6,-109.836,0.65,sandstone
7.211,-109.751,0.35,calcareous ooze
11.224,-109.594,0.425,calcareous ooze
70.889,-109.575,0.5818181818181819,sandstone
46.516,-109.553,0.55625,sandstone
37.891,-109.395,0.6619047619047619,sandstone
62.904,-109.367,0.665,sandstone
40.144,-109.262,0.6095238095238096,sandstone
41.783,-109.208,0.5904761904761905,sandstone
40.859,-109.202,0.55,sandstone
75.957,-108.75,0.5,sandstone
44.761,-108.706,0.5894736842105263,sandstone
48.375,-108.616,0.47368421052631576,sandstone
49.549,-108.599,0.4904761904761905,sandstone
31.666,-108.4,0.5428571428571428,sandstone
42.986,-108.398,0.6333333333333333,sandstone
34.216,-108.395,0.53,sandstone
43.579,-108.382,0.6428571428571429,sandstone
59.504,-108.323,0.6777777777777778,sandstone
32.483,-108.258,0.6083333333333333,sandstone
41.143,-108.081,0.6478260869565218,sandstone
35.896,-108.068,0.5920000000000001,sandstone
22.79,-107.994,0.3,breccia
38.967,-107.8,0.6055555555555556,sandstone
33.075,-107.5,0.5214285714285715,siliciclastic
62.795,-107.493,0.6818181818181818,sandstone
34.153,-107.275,0.4642857142857143,sandstone
44.414,-107.029,0.6,sandstone
47.266,-106.961,0.5043478260869565,sandstone
41.65,-106.911,0.6642857142857144,sandstone
33.808,-106.802,0.48000000000000004,sandstone
37.506,-106.77,0.6655172413793103,sandstone
33.235,-106.642,0.5307692307692308,siliciclastic
38.888,-106.58,0.6125,sandstone
31.909,-106.502,0.5652173913043478,siliciclastic
42.05,-106.493,0.6095238095238096,sandstone
52.175,-106.489,0.48666666666666664,sandstone
32.613,-106.421,0.6476190476190476,sandstone
9.002,-106.113,0.5,calcareous ooze
35.463,-106.076,0.6705882352941177,sandstone
33.051,-105.607,0.4857142857142857,sandstone
41.586,-105.528,0.5850000000000001,sandstone
38.716,-105.525,0.6038461538461539,sandstone
46.209,-105.365,0.4714285714285714,sandstone
77.354,-105.103,0.5,sandstone
49.149,-105.055,0.5045454545454545,sandstone
31.377,-105.046,0.6333333333333334,siliciclastic
50.426,-104.963,0.45,sandstone
48.583,-104.933,0.4842105263157894,sandstone
79.128,-104.688,0.5,sandstone
40.255,-104.566,0.5375,sandstone
42.193,-104.245,0.6272727272727273,sandstone
43.949,-104.206,0.6483870967741936,sandstone
32.355,-104.178,0.4875,sandstone
37.283,-104.148,0.625,sandstone
76.477,-104.08,0.5,sandstone
33.779,-104.016,0.48125,sandstone
36.646,-103.595,0.5681818181818182,sandstone
47.279,-103.421,0.5588235294117647,sandstone
29.585,-103.366,0.5619047619047619,siliciclastic
39.641,-103.333,0.5705882352941176,sandstone
54.645,-103.296,0.6647058823529413,arkose
60.468,-103.182,0.7250000000000001,greywacke
31.472,-103.153,0.55,sandstone
78.441,-103.147,0.5,sandstone
30.452,-103.002,0.5153846153846154,sandstone
46.266,-102.95,0.5399999999999999,sandstone
48.383,-102.95,0.53,sandstone
44.95,-102.878,0.5241379310344828,sandstone
43.516,-102.758,0.5,sandstone
53.659,-102.571,0.51,sandstone
38.283,-102.566,0.5238095238095238,sandstone
42.551,-102.354,0.525,sandstone
32.352,-102.27,0.5285714285714286,sandstone
54.768,-101.881,0.6846153846153846,arkose
34.433,-101.833,0.44000000000000006,sandstone
31.706,-101.775,0.5076923076923077,sandstone
35.5,-101.578,0.5538461538461539,sandstone
75.998,-101.362,0.5,sandstone
28.442,-101.288,0.53125,sandstone
37.583,-101.283,0.47058823529411764,sandstone
39.476,-101.175,0.5055555555555555,sandstone
56.534,-100.906,0.711764705882353,arkose
36.38,-100.886,0.5111111111111111,sandstone
52.163,-100.857,0.5142857142857143,sandstone
48.849,-100.8,0.5083333333333334,sandstone
31.908,-100.616,0.5066666666666666,sandstone
47.246,-100.575,0.5172413793103449,sandstone
78.25,-100.498,0.5,sandstone
49.426,-100.48,0.5789473684210527,sandstone
40.231,-100.423,0.4538461538461539,sandstone
29.658,-100.378,0.6136363636363636,sandstone
45.4,-100.34,0.5409090909090909,sandstone
33.733,-99.983,0.5,sandstone
72.628,-99.899,0.72,metavolcanic
28.423,-99.851,0.5277777777777778,sandstone
22.504,-99.799,0.6,siliciclastic
38.928,-99.595,0.48500000000000004,sandstone
42.402,-99.451,0.4928571428571429,sandstone
32.623,-99.445,0.5166666666666667,sandstone
30.3,-99.416,0.5466666666666667,sandstone
35.936,-99.251,0.5111111111111111,sandstone
50.513,-99.209,0.4846153846153846,sandstone
43.659,-99.176,0.5111111111111111,sandstone
16.381,-98.926,0.45,sand
24.603,-98.922,0.5384615384615384,siliciclastic
31.133,-98.741,0.5608695652173913,sandstone
38.2,-98.707,0.46842105263157896,sandstone
32.033,-98.366,0.45,sandstone
27.403,-98.25,0.44375000000000003,sandstone
39.448,-98.249,0.4863636363636364,siliciclastic
37.436,-98.231,0.48235294117647065,sandstone
45.575,-98.178,0.5,sandstone
75.848,-98.157,0.525,sandstone
21.332,-98.079,0.5875,siliciclastic
33.363,-98.07,0.49230769230769234,sandstone
46.741,-98.056,0.5111111111111112,sandstone
48.566,-98.001,0.53,sandstone
29.44,-97.925,0.5095238095238095,siliciclastic
55.746,-97.893,0.6533333333333334,arkose
61.536,-97.798,0.6722222222222222,greywacke
54.611,-97.762,0.6857142857142857,arkose
34.261,-97.495,0.5285714285714286,sandstone
64.419,-97.469,0.7047619047619048,sandstone
41.95,-97.333,0.5117647058823529,sandstone
31.85,-97.116,0.5352941176470588,sandstone
33.45,-96.971,0.51875,sandstone
48.83,-96.841,0.6166666666666667,sandstone
72.415,-96.757,0.6357142857142858,sandstone
37.766,-96.751,0.5,sandstone
42.916,-96.716,0.5636363636363636,sandstone
78.234,-96.667,0.5,sandstone
43.69,-96.646,0.6666666666666666,chert
39.36,-96.6,0.46,sandstone
34.723,-96.458,0.4307692307692308,sandstone
30.972,-96.442,0.5708333333333334,siliciclastic
36.583,-96.434,0.48125,sandstone
40.212,-96.393,0.41,sandstone
18.689,-96.267,0.5461538461538461,siliciclastic
35.583,-96.248,0.48125,sandstone
43.267,-96.152,0.6080000000000001,sandstone
67.223,-96.11,0.7375,greywacke
41.123,-96.095,0.4625,siliciclastic
50.338,-95.991,0.6833333333333333,sandstone
42.738,-95.85,0.48888888888888893,sandstone
39.446,-95.773,0.4625,sandstone
41.582,-95.626,0.525,sandstone
34.333,-95.458,0.4307692307692308,sandstone
44.767,-95.423,0.64,sandstone
40.433,-95.408,0.43076923076923074,sandstone
75.357,-95.03,0.5,sandstone
35.078,-94.951,0.4785714285714286,sandstone
77.589,-94.802,0.5,sandstone
71.781,-94.738,0.6866666666666668,sandstone
30.286,-94.72,0.4181818181818182,sandstone
74.858,-94.72,0.5,sandstone
80.319,-94.687,0.53,sandstone
32.86,-94.66,0.44705882352941173,sandstone
53.834,-94.605,0.7111111111111111,arkose
9.583,-94.591,0.425,calcareous ooze
73.436,-94.503,0.68125,sandstone
37.97,-94.478,0.5333333333333333,sandstone
45.616,-94.377,0.7230769230769231,graywacke
49.14,-94.333,0.6692307692307693,arkose
17.697,-94.283,0.4666666666666667,siliciclastic
42.511,-94.241,0.54,sandstone
46.633,-94.091,0.6538461538461539,greywacke
41.543,-94.031,0.5214285714285715,sandstone
48.929,-93.863,0.6785714285714286,arkose
36.886,-93.857,0.525,sandstone
31.608,-93.5,0.4307692307692308,siliciclastic
34.266,-93.383,0.5,sandstone
48.483,-93.1,0.7285714285714286,greywacke
80.944,-92.987,0.6411764705882353,sandstone
32.26,-92.98,0.41428571428571426,siliciclastic
40.721,-92.913,0.5235294117647059,sandstone
35.525,-92.895,0.4625,sandstone
43.7,-92.85,0.5,sandstone
42.751,-92.798,0.5176470588235295,sandstone
48.803,-92.775,0.7272727272727273,greywacke
46.415,-92.678,0.65625,arkose
31.04,-92.66,0.4625,sandstone
79.486,-92.597,0.5375,sandstone
51.124,-92.517,0.692857142857143,arkose
38.913,-92.298,0.43333333333333335,sandstone
73.269,-92.28,0.6375,sandstone
18.211,-92.242,0.4538461538461539,sandstone
76.393,-92.19,0.5,sandstone
42.07,-91.828,0.55,sandstone
47.883,-91.716,0.6875,sandstone
16.911,-91.71,0.5764705882352942,siliciclastic
39.828,-91.625,0.4785714285714286,sandstone
32.63,-91.61,0.42,siliciclastic
81.64,-91.515,0.575,sandstone
40.966,-91.17,0.48125,sandstone
56.636,-91.08,0.5611111111111111,sandstone
45.566,-90.986,0.76,sandstone
14.949,-90.914,0.6461538461538462,sandstone
29.67,-90.88,0.42,siliciclastic
-3.095,-90.818,0.5,calcareous ooze
46.408,-90.74,0.6615384615384615,sandstone
78.678,-90.581,0.5,sandstone
65.892,-90.565,0.7142857142857143,anorthosite
42.783,-90.49,0.5375,sandstone
7.921,-90.481,0.37142857142857144,calcareous ooze
47.845,-90.428,0.6375000000000001,sandstone
77.409,-90.37,0.5,sandstone
39.283,-90.323,0.49230769230769234,siliciclastic
34.685,-90.146,0.5142857142857143,sandstone
14.218,-90.103,0.6842105263157895,sandstone
79.852,-89.973,0.5,sandstone
37.719,-89.866,0.4454545454545455,sandstone
16.084,-89.852,0.6583333333333333,sandstone
36.429,-89.762,0.44000000000000006,sandstone
43.233,-89.756,0.65,sandstone
46.366,-89.682,0.65,sandstone
41.24,-89.333,0.516,siliciclastic
44.541,-89.333,0.8,sandstone
32.515,-89.287,0.39999999999999997,sandstone
48.551,-89.204,0.64,sandstone
17.102,-89.123,0.60625,sandstone
15.287,-89.06,0.6736842105263158,sandstone
46.207,-89.039,0.6636363636363636,greywacke
80.873,-88.954,0.5,sandstone
38.646,-88.923,0.5,sandstone
31.632,-88.921,0.41428571428571426,siliciclastic
33.445,-88.875,0.4642857142857143,sandstone
30.48,-88.86,0.4583333333333333,siliciclastic
20.547,-88.762,0.5769230769230769,siliciclastic
13.568,-88.75,0.6,sandstone
34.633,-88.541,0.4307692307692308,sandstone
43.361,-88.35,0.5875,sandstone
45.213,-88.224,0.78,sandstone
30.974,-88.198,0.4928571428571429,sandstone
46.347,-88.191,0.7333333333333334,greywacke
60.526,-88.142,0.56875,sandstone
81.48,-88.031,0.5333333333333333,sandstone
35.916,-88.016,0.4666666666666667,siliciclastic
31.87,-87.96,0.39999999999999997,sandstone
49.252,-87.915,0.6933333333333334,greywacke
43.733,-87.845,0.4956521739130435,siliciclastic
14.812,-87.82,0.68,sandstone
46.034,-87.813,0.7,sandstone
39.341,-87.741,0.4368421052631579,sandstone
30.37,-87.67,0.41818181818181815,sandstone
46.578,-87.64,0.7294117647058824,greywacke
37.467,-87.558,0.46,sandstone
36.806,-87.5,0.4571428571428572,sandstone
34.963,-87.379,0.4833333333333333,siliciclastic
33.165,-87.304,0.5,sandstone
55.168,-87.152,0.631578947368421,sandstone
38.633,-87.073,0.45499999999999996,sandstone
34.23,-87.02,0.5,sandstone
77.568,-87.014,0.5,sandstone
80.801,-86.954,0.5375,sandstone
30.73,-86.92,0.48000000000000004,siliciclastic
37.795,-86.836,0.48235294117647065,sandstone
33.662,-86.786,0.5461538461538461,sandstone
36.03,-86.753,0.48500000000000004,siliciclastic
31.1,-86.63,0.44000000000000006,sandstone
34.853,-86.562,0.5692307692307692,sandstone
33.998,-86.55,0.5642857142857143,sandstone
13.419,-86.284,0.7214285714285714,sandstone
76.759,-86.262,0.5714285714285714,sandstone
39.425,-86.241,0.4647058823529412,sandstone
33.717,-86.156,0.5307692307692308,sandstone
0.589,-86.132,0.5,siliceous ooze
40.816,-86.125,0.46842105263157896,siliciclastic
75.01,-86.112,0.64,sandstone
12.062,-86.107,0.5818181818181819,sandstone
0.533,-86.1,0.5,siliceous ooze
0.61,-86.091,0.5,calcareous ooze
0.567,-86.09,0.5,calcareous ooze
78.472,-86.09,0.5,sandstone
34.354,-86.079,0.5428571428571428,sandstone
33.233,-86.041,0.6714285714285715,sandstone
35.53,-86.003,0.5047619047619047,siliciclastic
37.841,-85.966,0.48235294117647054,sandstone
41.525,-85.838,0.48500000000000004,sandstone
30.73,-85.83,0.5176470588235295,siliciclastic
34.832,-85.782,0.5545454545454546,sandstone
81.044,-85.779,0.5,limestone
46.373,-85.766,0.4833333333333333,siliciclastic
42.421,-85.683,0.4916666666666667,siliciclastic
81.691,-85.664,0.5666666666666667,sandstone
37.116,-85.62,0.5066666666666667,sandstone
34.209,-85.599,0.5545454545454546,sandstone
32.862,-85.428,0.7375,sand
32.25,-85.41,0.37142857142857144,sandstone
39.091,-85.333,0.48571428571428565,sandstone
34.725,-85.3,0.4666666666666667,sandstone
31.224,-85.292,0.4,sandstone
6.623,-85.236,0.7000000000000001,basalt
79.994,-85.214,0.5,sandstone
23.85,-85.171,0.5428571428571429,calcareous ooze
33.783,-85.083,0.7444444444444445,greywacke
34.503,-85.0,0.5384615384615384,sandstone
43.825,-84.963,0.46249999999999997,siliciclastic
36.011,-84.924,0.525,sandstone
32.961,-84.823,0.6625000000000001,bauxite
10.074,-84.821,0.6285714285714287,sandstone
64.062,-84.821,0.5555555555555556,arkose
31.88,-84.71,0.5,siliciclastic
33.496,-84.695,0.76,greywacke
14.846,-84.61,0.5,sandstone
45.238,-84.53,0.505,siliciclastic
38.487,-84.473,0.5444444444444445,sandstone
57.176,-84.465,0.5411764705882353,sandstone
37.641,-84.406,0.5523809523809524,sandstone
34.771,-84.391,0.675,sandstone
33.847,-84.38,0.7461538461538463,greywacke
72.943,-84.36,0.6384615384615385,sandstone
40.45,-84.278,0.4833333333333334,siliciclastic
10.004,-84.214,0.6058823529411765,sandstone
39.433,-84.116,0.5423076923076923,siliciclastic
31.12,-84.11,0.5230769230769231,siliciclastic
22.26,-84.097,0.5,sandstone
78.047,-84.07,0.5666666666666667,sandstone
82.294,-83.913,0.7100000000000001,siliciclastic
42.416,-83.803,0.4807692307692308,siliciclastic
46.302,-83.789,0.65,arkose
13.946,-83.761,0.44000000000000006,sandstone
10.533,-83.753,0.6,siliciclastic
35.916,-83.716,0.6125,sandstone
41.041,-83.613,0.5416666666666666,siliciclastic
30.45,-83.6,0.5,siliciclastic
36.45,-83.575,0.5499999999999999,sandstone
35.449,-83.532,0.7181818181818183,sandstone
32.64,-83.46,0.5307692307692308,siliciclastic
12.929,-83.453,0.5375,grainstone
80.929,-83.31,0.5375,sandstone
22.677,-83.285,0.5214285714285715,sandstone
52.9,-83.247,0.5857142857142856,sandstone
36.98,-83.22,0.5,sandstone
36.856,-83.208,0.5,sandstone
35.735,-83.118,0.5923076923076923,sandstone
36.333,-83.066,0.5499999999999999,sandstone
38.5,-83.05,0.5222222222222223,sandstone
9.604,-83.035,0.55,sandstone
62.57,-83.031,0.62,sandstone
37.579,-83.001,0.5055555555555555,sandstone
79.323,-82.972,0.5,sandstone
54.525,-82.968,0.5333333333333333,sandstone
36.735,-82.925,0.5461538461538461,sandstone
5.749,-82.888,0.56,siliceous ooze
8.82,-82.882,0.5642857142857143,sandstone
39.397,-82.828,0.525,sandstone
40.608,-82.741,0.5499999999999999,sandstone
42.144,-82.697,0.5083333333333334,sandstone
46.384,-82.652,0.6066666666666667,arkose
77.395,-82.615,0.5769230769230769,sandstone
36.308,-82.483,0.7,sandstone
34.192,-82.465,0.6307692307692307,greywacke
49.416,-82.433,0.6789473684210526,siliciclastic
81.194,-82.369,0.5875,sandstone
36.778,-82.356,0.5428571428571428,sandstone
31.95,-82.34,0.5461538461538461,siliciclastic
45.743,-82.195,0.5533333333333333,sandstone
42.653,-82.186,0.5083333333333334,sandstone
22.948,-82.167,0.5,sandstone
37.3,-82.116,0.6499999999999999,sandstone
30.837,-82.109,0.5,siliciclastic
52.104,-81.945,0.5333333333333333,sandstone
36.817,-81.944,0.5333333333333333,sandstone
-12.021,-81.904,0.38,calcareous ooze
80.146,-81.89,0.5,sandstone
32.69,-81.85,0.47000000000000003,siliciclastic
46.247,-81.766,0.6666666666666666,arkose
39.894,-81.76,0.5545454545454546,sandstone
41.306,-81.633,0.5272727272727272,sandstone
38.0,-81.611,0.635,sandstone
28.1,-81.55,0.5809523809523809,siliciclastic
36.694,-81.529,0.62,sandstone
33.492,-81.509,0.6857142857142857,sand
37.133,-81.466,0.5769230769230769,sandstone
35.941,-81.433,0.6900000000000001,pelite
44.868,-81.324,0.43333333333333335,sandstone
40.577,-81.293,0.53,sandstone
48.603,-81.279,0.7176470588235295,greywacke
37.018,-81.231,0.5307692307692308,sandstone
36.166,-81.183,0.6666666666666666,arkose
38.445,-80.986,0.6095238095238096,sandstone
46.485,-80.985,0.6571428571428571,arkose
39.343,-80.961,0.55,sandstone
76.51,-80.846,0.6833333333333332,sandstone
26.124,-80.82,0.5,siliciclastic
33.901,-80.795,0.5625,conglomerate
43.922,-80.731,0.5153846153846154,sandstone
36.953,-80.702,0.5499999999999999,sandstone
79.798,-80.642,0.575,sandstone
37.741,-80.608,0.6529411764705882,sandstone
37.238,-80.555,0.53,sandstone
81.92,-80.328,0.62,sandstone
22.438,-80.302,0.531578947368421,sandstone
8.696,-80.271,0.5666666666666667,sandstone
51.075,-80.168,0.53125,sandstone
39.141,-80.075,0.6181818181818182,sandstone
37.19,-80.063,0.5636363636363636,sandstone
37.527,-80.035,0.6764705882352942,sandstone
48.151,-80.029,0.65,sandstone
32.905,-79.872,0.55,grainstone
46.417,-79.78,0.7071428571428572,orthogneiss
38.092,-79.772,0.6375,sandstone
47.338,-79.742,0.5307692307692308,sandstone
35.49,-79.672,0.6846153846153846,greywacke
42.998,-79.636,0.6,sandstone
40.528,-79.563,0.5352941176470588,sandstone
34.189,-79.512,0.525,sand
37.66,-79.482,0.6833333333333333,sandstone
41.673,-79.291,0.5533333333333333,siliciclastic
56.416,-79.251,0.6083333333333333,arkose
39.561,-79.25,0.53,sandstone
81.177,-79.239,0.5,sandstone
21.826,-79.231,0.6142857142857143,sandstone
38.438,-79.158,0.6466666666666666,sandstone
71.811,-79.157,0.6142857142857143,sandstone
39.04,-79.154,0.6368421052631579,sandstone
48.244,-79.022,0.6687500000000001,arkose
38.231,-78.935,0.668421052631579,sandstone
73.262,-78.891,0.65,sandstone
37.716,-78.811,0.7142857142857143,sandstone
44.786,-78.788,0.7588235294117647,sandstone
46.317,-78.708,0.5166666666666667,conglomerate
39.676,-78.678,0.5214285714285715,sandstone
80.911,-78.658,0.6111111111111112,sandstone
42.583,-78.623,0.55,sandstone
39.083,-78.504,0.5333333333333333,sandstone
52.233,-78.499,0.7,arkose
38.901,-78.292,0.6833333333333333,sandstone
18.305,-78.109,0.5,sandstone
39.696,-77.995,0.6125,sandstone
8.437,-77.966,0.5599999999999999,sandstone
35.283,-77.933,0.50625,coquina
40.291,-77.89,0.65,sandstone
38.911,-77.866,0.6950000000000001,sandstone
38.577,-77.664,0.7074074074074075,sandstone
34.43,-77.563,0.45,carbonate
35.607,-77.559,0.44000000000000006,sand
82.813,-77.539,0.6368421052631579,sandstone
39.476,-77.336,0.6133333333333333,sandstone
18.144,-77.33,0.515,sandstone
41.643,-77.32,0.5499999999999999,sandstone
36.866,-77.312,0.38,gravel
38.766,-77.308,0.6764705882352942,sandstone
38.0,-77.183,0.5285714285714286,gravel
36.325,-77.14,0.44000000000000006,sand
20.032,-77.12,0.5375,sandstone
50.113,-77.066,0.5,conglomerate
42.96,-77.033,0.5583333333333333,sandstone
37.125,-77.0,0.37142857142857144,sandstone
40.211,-76.97,0.5882352941176471,siliciclastic
37.466,-76.966,0.45,sandstone
7.586,-76.858,0.5923076923076923,sandstone
81.515,-76.797,0.58,sandstone
39.483,-76.736,0.7222222222222222,greywacke
38.45,-76.729,0.44166666666666665,sandstone
18.1,-76.71,0.5055555555555555,sandstone
37.991,-76.633,0.48750000000000004,gravel
-0.458,-76.552,0.5692307692307692,sandstone
35.72,-76.538,0.45999999999999996,carbonate
34.608,-76.535,0.5142857142857143,carbonate
48.946,-76.509,0.7076923076923077,greywacke
39.114,-76.506,0.43636363636363634,sandstone
82.535,-76.5,0.62,sandstone
56.247,-76.352,0.6875,sandstone
67.935,-76.327,0.6625,sandstone
82.316,-76.31,0.5,sandstone
36.408,-76.236,0.4571428571428572,carbonate
30.1,-76.235,0.39999999999999997,chert
36.716,-76.233,0.41428571428571426,gravel
20.555,-76.073,0.644,sandstone
35.984,-76.069,0.4666666666666666,carbonate
45.596,-76.056,0.62,anorthosite
40.041,-75.953,0.64,sandstone
40.961,-75.81,0.5761904761904761,siliciclastic
43.116,-75.778,0.5625,sandstone
45.94,-75.665,0.7411764705882353,sandstone
39.7,-75.65,0.4166666666666667,gravel
39.445,-75.641,0.4166666666666667,gravel
38.805,-75.591,0.4375,sandstone
45.635,-75.552,0.65,sandstone
39.35,-75.533,0.4166666666666667,gravel
37.81,-75.533,0.4,gravel
39.134,-75.529,0.45999999999999996,sand
45.345,-75.458,0.5833333333333334,sandstone
28.343,-75.382,0.4,calcareous ooze
79.162,-75.358,0.7000000000000001,sandstone
38.3,-75.316,0.425,sandstone
39.666,-75.224,0.45,gravel
41.543,-75.2,0.625,siliciclastic
40.431,-75.111,0.56875,sandstone
38.53,-75.076,0.4714285714285714,sandstone
-0.74,-74.926,0.5692307692307692,sandstone
40.686,-74.875,0.6478260869565218,sandstone
61.144,-74.836,0.7105263157894737,greywacke
39.212,-74.733,0.4428571428571429,gravel
40.139,-74.68,0.4555555555555555,greywacke
40.993,-74.537,0.6625,sandstone
-3.407,-74.472,0.54375,sandstone
50.065,-74.366,0.7000000000000001,sandstone
43.913,-74.3,0.6875,sandstone
42.561,-74.3,0.6444444444444444,sandstone
-37.28,-74.24,0.5333333333333333,sandstone
40.419,-74.217,0.46923076923076923,sandstone
41.824,-74.159,0.6692307692307692,sandstone
40.082,-74.095,0.45,gravel
39.887,-74.084,0.4555555555555555,coquina
18.402,-74.058,0.5499999999999999,sandstone
-5.721,-74.034,0.54375,sandstone
41.383,-73.791,0.6833333333333333,sandstone
38.493,-73.748,0.5066666666666666,sandstone
45.638,-73.591,0.5882352941176471,sandstone
42.826,-73.533,0.6461538461538462,sandstone
-2.2,-73.459,0.5750000000000001,sandstone
81.732,-73.448,0.6142857142857142,sandstone
82.727,-73.429,0.5,sandstone
44.07,-73.23,0.6666666666666666,sandstone
42.476,-73.22,0.7176470588235295,sandstone
45.446,-73.214,0.5882352941176471,sandstone
9.486,-73.167,0.65625,sandstone
-34.937,-73.115,0.5499999999999999,sandstone
44.745,-73.1,0.6222222222222222,sandstone
41.366,-73.091,0.8214285714285714,granofel
82.942,-72.842,0.5923076923076923,sandstone
79.895,-72.834,0.5444444444444445,sandstone
42.528,-72.806,0.7842105263157895,sandstone
38.819,-72.773,0.35,siliceous ooze
19.175,-72.643,0.5,sandstone
45.087,-72.63,0.6066666666666667,greywacke
44.295,-72.63,0.7904761904761906,granofel
41.781,-72.571,0.7333333333333333,sandstone
19.705,-72.556,0.6230769230769231,sandstone
38.771,-72.524,0.38,conglomerate
5.28,-72.518,0.6333333333333333,sandstone
-34.322,-72.377,0.5499999999999999,sandstone
18.575,-72.205,0.5,sandstone
45.053,-72.194,0.6388888888888888,sandstone
42.423,-72.158,0.8538461538461538,granofel
41.576,-72.086,0.8625,metavolcanic
10.779,-72.041,0.8142857142857143,sandstone
48.668,-72.014,0.45,conglomerate
45.429,-71.929,0.6294117647058824,sandstone
43.176,-71.875,0.74,granofel
46.397,-71.855,0.4818181818181818,sandstone
44.078,-71.848,0.6958333333333333,granofel
18.19,-71.745,0.5230769230769231,sandstone
18.836,-71.611,0.4785714285714286,sandstone
42.333,-71.586,0.7733333333333333,arkose
41.541,-71.58,0.6941176470588236,sandstone
81.888,-71.428,0.61,sandstone
45.809,-71.323,0.6214285714285713,conglomerate
83.124,-71.234,0.6777777777777777,sandstone
44.86,-71.206,0.6789473684210526,conglomerate
7.868,-71.193,0.6818181818181818,sandstone
46.924,-71.157,0.55,anorthosite
19.13,-71.041,0.6904761904761905,sandstone
42.138,-71.016,0.6772727272727272,sandstone
46.384,-70.914,0.6388888888888888,sandstone
45.499,-70.867,0.64375,sandstone
81.336,-70.673,0.5571428571428572,sandstone
43.425,-70.576,0.7631578947368421,sandstone
45.083,-70.553,0.7391304347826086,sandstone
19.503,-70.219,0.6285714285714287,sandstone
35.491,-70.027,0.32857142857142857,calcareous ooze
12.514,-69.991,0.5230769230769231,sandstone
7.973,-69.966,0.6785714285714286,sandstone
80.823,-69.704,0.5,sandstone
65.656,-69.643,0.77,limestone
82.612,-69.59,0.58,sandstone
-25.455,-69.517,0.5692307692307692,sandstone
9.823,-69.478,0.7307692307692307,sandstone
-16.787,-69.466,0.6333333333333333,sandstone
78.697,-69.432,0.6,sandstone
15.104,-69.364,0.5,calcareous ooze
-21.607,-69.357,0.5692307692307692,sandstone
82.677,-69.302,0.6272727272727273,sandstone
46.275,-69.291,0.65625,sandstone
-38.25,-69.28,0.5499999999999999,siliciclastic
82.517,-69.199,0.5888888888888889,sandstone
18.62,-69.163,0.4625,sandstone
12.185,-69.025,0.51875,sandstone
45.261,-69.021,0.6500000000000001,sandstone
47.706,-68.867,0.6,sandstone
51.351,-68.774,0.6545454545454545,anorthosite
44.545,-68.611,0.6157894736842106,sandstone
-29.577,-68.424,0.5521739130434783,sandstone
40.916,-68.3,0.5,sandstone
46.641,-68.296,0.6749999999999999,sandstone
12.174,-68.251,0.5,sandstone
25.035,-68.057,0.5,sand
25.108,-68.046,0.5428571428571429,siliceous ooze
-32.02,-67.977,0.5521739130434783,sandstone
46.154,-67.599,0.6647058823529413,sandstone
81.171,-67.569,0.5,sandstone
48.569,-67.565,0.6266666666666667,sandstone
40.833,-67.5,0.5,sandstone
44.903,-67.378,0.5956521739130435,sandstone
-18.773,-67.13,0.6333333333333333,sandstone
45.073,-67.045,0.5875,sandstone
54.947,-67.006,0.6681818181818182,arkose
18.352,-66.876,0.6578947368421053,siliciclastic
52.919,-66.869,0.8,anorthosite
11.807,-66.716,0.575,framestone
48.005,-66.653,0.5833333333333334,sandstone
-36.47,-66.646,0.5,sandstone
18.101,-66.538,0.51875,sandstone
46.495,-66.485,0.6571428571428571,sandstone
46.161,-66.219,0.5444444444444445,sandstone
80.219,-66.192,0.5,sandstone
11.8,-66.128,0.7,conglomerate
45.26,-66.087,0.624,siliciclastic
18.201,-65.8,0.5399999999999999,conglomerate
49.101,-65.533,0.631578947368421,sandstone
45.815,-65.368,0.5733333333333334,siliciclastic
44.42,-65.281,0.595,siliciclastic
48.149,-65.17,0.6066666666666667,sandstone
82.715,-65.072,0.5888888888888889,sandstone
48.789,-64.874,0.525,sandstone
17.735,-64.78,0.5,sandstone
18.347,-64.739,0.58,calcareous ooze
46.192,-64.603,0.5764705882352942,sandstone
11.852,-64.6,0.5599999999999999,conglomerate
45.804,-64.555,0.5333333333333333,sandstone
81.851,-64.322,0.55,sandstone
48.871,-64.286,0.5636363636363636,siliciclastic
31.193,-64.233,0.43333333333333335,calcareous ooze
-64.862,-64.208,0.3,siliceous ooze
10.957,-64.071,0.6285714285714287,sandstone
45.804,-63.821,0.5411764705882353,siliciclastic
80.809,-63.584,0.5,conglomerate
45.68,-63.415,0.5266666666666667,sandstone
58.665,-63.337,0.7,anorthosite
49.437,-63.169,0.5615384615384615,sandstone
50.779,-63.015,0.8285714285714286,anorthosite
45.627,-62.338,0.5578947368421052,sandstone
45.02,-62.247,0.6583333333333333,siliciclastic
45.553,-62.042,0.5894736842105264,sandstone
54.345,-61.747,0.77,anorthosite
49.866,-61.551,0.53125,sandstone
16.263,-61.507,0.5800000000000001,conglomerate
10.163,-61.444,0.4846153846153846,sandstone
10.611,-61.28,0.48333333333333334,sandstone
10.37,-61.25,0.45,sandstone
46.605,-61.054,0.59375,sandstone
14.644,-60.984,0.5857142857142856,sandstone
11.215,-60.701,0.6789473684210526,sandstone
45.784,-60.398,0.5900000000000001,sandstone
46.624,-60.36,0.595,sandstone
-4.654,-60.326,0.45499999999999996,sandstone
13.163,-59.559,0.5,sandstone
47.863,-59.318,0.5529411764705883,sandstone
48.551,-58.852,0.6,sandstone
15.712,-58.654,0.5,silt
50.021,-58.652,0.5066666666666667,sandstone
50.731,-58.449,0.580952380952381,sandstone
48.898,-58.416,0.48666666666666664,sandstone
48.937,-57.968,0.5700000000000001,sandstone
49.583,-57.935,0.58125,siliciclastic
50.237,-57.586,0.6176470588235294,sandstone
48.793,-57.313,0.5583333333333333,sandstone
50.609,-57.226,0.5714285714285714,sandstone
-3.273,-57.118,0.44999999999999996,sandstone
50.071,-56.776,0.6352941176470589,sandstone
47.693,-56.446,0.5866666666666667,sandstone
50.732,-56.306,0.68,anorthosite
49.518,-56.18,0.58125,sandstone
50.841,-56.079,0.6111111111111112,sandstone
49.961,-55.909,0.6529411764705882,sandstone
51.34,-55.89,0.37142857142857144,conglomerate
46.961,-55.855,0.48333333333333334,sandstone
51.543,-55.692,0.55,greywacke
-19.975,-55.404,0.6,sandstone
49.137,-55.37,0.5466666666666667,sandstone
-28.52,-55.339,0.5888888888888889,sandstone
47.725,-55.328,0.5076923076923078,sandstone
48.92,-54.949,0.65,sandstone
9.433,-54.733,0.38,calcareous ooze
-15.401,-54.703,0.5444444444444445,sandstone
47.696,-54.693,0.5333333333333333,sandstone
9.265,-54.544,0.35,siliceous ooze
9.454,-54.342,0.39999999999999997,calcareous ooze
9.049,-54.317,0.35000000000000003,calcareous ooze
-3.026,-54.312,0.45499999999999996,sandstone
47.128,-53.725,0.5142857142857143,sandstone
48.533,-53.546,0.58125,sandstone
47.586,-53.373,0.5333333333333333,sandstone
-28.701,-53.343,0.5941176470588235,sandstone
-15.133,-53.155,0.5333333333333333,sandstone
44.43,-52.899,0.41,sandstone
-30.06,-52.432,0.6,sandstone
-2.111,-52.37,0.44999999999999996,sandstone
-22.784,-51.789,0.5714285714285714,sandstone
-26.272,-51.175,0.55,sandstone
-17.698,-51.141,0.5625,sandstone
-34.221,-50.96,0.6125,sandstone
-23.549,-50.349,0.5714285714285714,sandstone
82.282,-50.299,0.5,sandstone
45.786,-50.257,0.4666666666666667,sandstone
-20.936,-50.064,0.5866666666666667,sandstone
-32.862,-49.655,0.5900000000000001,sandstone
-31.89,-49.493,0.5499999999999999,sandstone
-30.295,-49.194,0.5545454545454546,sandstone
-31.233,-48.838,0.5499999999999999,sandstone
81.733,-47.906,0.5,sandstone
-51.005,-46.972,0.35000000000000003,calcareous ooze
-3.677,-46.841,0.5647058823529412,sandstone
-28.12,-46.47,0.5333333333333333,sandstone
22.756,-46.082,0.5,calcareous ooze
-9.97,-46.024,0.5823529411764706,sandstone
-23.273,-45.932,0.47777777777777775,sandstone
-27.75,-45.89,0.5461538461538461,sandstone
-23.064,-45.688,0.4666666666666666,arkose
-23.028,-45.5,0.475,arkose
-26.71,-45.38,0.5375,sandstone
53.331,-45.262,0.32,gravel
-22.809,-45.259,0.475,arkose
-6.498,-45.194,0.5823529411764706,sandstone
-4.576,-45.089,0.51,sandstone
-25.937,-45.057,0.5428571428571428,sandstone
-22.686,-45.028,0.52,arkose
-25.356,-44.064,0.5428571428571428,sandstone
22.474,-43.518,0.5,calcareous ooze
-24.64,-43.498,0.5428571428571428,sandstone
-7.13,-43.091,0.5611111111111111,sandstone
-23.984,-42.638,0.5461538461538461,sandstone
-28.287,-41.088,0.5,calcareous ooze
-49.87,-40.836,0.32,siliceous ooze
-21.06,-40.368,0.6,sandstone
-7.417,-40.021,0.53,sandstone
-21.5,-39.949,0.5272727272727272,sandstone
-7.489,-39.093,0.5333333333333333,sandstone
-7.374,-38.611,0.53,sandstone
37.771,-37.344,0.5,calcareous ooze
-37.659,-35.963,0.35,chalk
83.038,-35.499,0.5833333333333334,sandstone
-30.277,-35.285,0.47500000000000003,calcareous ooze
37.025,-34.423,0.65,calcareous ooze
36.883,-33.641,0.6,calcareous ooze
36.562,-33.166,0.6,calcareous ooze
-51.459,-33.099,0.5,calcareous ooze
82.081,-32.75,0.5272727272727272,sandstone
-51.542,-30.677,0.425,siliceous ooze
-15.71,-30.601,0.44000000000000006,calcareous ooze
63.939,-30.576,0.44000000000000006,calcareous ooze
-51.533,-30.278,0.5,calcareous ooze
45.509,-29.476,0.41428571428571426,calcareous ooze
63.377,-28.912,0.41428571428571426,calcareous ooze
-28.525,-26.845,0.5,calcareous ooze
-50.946,-26.369,0.41428571428571426,calcareous ooze
62.616,-25.953,0.35000000000000003,sand
31.156,-25.586,0.38,calcareous ooze
-47.583,-24.64,0.5,calcareous ooze
56.043,-23.231,0.5,calcareous ooze
0.105,-23.228,0.35,calcareous ooze
-51.985,-23.212,0.55,siliceous ooze
42.837,-23.088,0.5,calcareous ooze
81.007,-21.268,0.5777777777777778,sandstone
56.562,-20.782,0.4454545454545455,calcareous ooze
5.659,-19.843,0.44000000000000006,calcareous ooze
9.447,-19.386,0.35,calcareous ooze
26.592,-14.983,0.4571428571428572,calcareous ooze
48.515,-13.44,0.41428571428571426,calcareous ooze
42.088,-12.863,0.425,calcareous ooze
68.503,-12.462,0.44000000000000006,calcareous ooze
42.153,-12.197,0.37142857142857144,calcareous ooze
42.155,-12.182,0.38,calcareous ooze
48.907,-12.162,0.45,sandstone
-1.391,-11.739,0.35,calcareous ooze
-26.137,-11.666,0.5,calcareous ooze
40.958,-10.719,0.39999999999999997,calcareous ooze
-26.074,-10.265,0.5,calcareous ooze
63.351,-7.788,0.4142857142857143,gravel
64.872,-5.342,0.5,calcareous ooze
-26.108,-5.13,0.5,calcareous ooze
-39.985,-4.497,0.575,calcareous ooze
-28.557,-2.253,0.35,calcareous ooze
-65.16,1.205,0.5428571428571429,calcareous ooze
-28.042,1.763,0.5,calcareous ooze
-28.519,2.316,0.425,calcareous ooze
-29.078,2.982,0.43333333333333335,calcareous ooze
-64.517,3.1,0.5,siliceous ooze
-29.009,3.512,0.4625,calcareous ooze
67.951,4.934,0.3875,calcareous ooze
67.785,5.385,0.5,calcareous ooze
76.15,7.875,0.425,calcareous ooze
-47.051,7.895,0.5857142857142856,calcareous ooze
-42.899,8.883,0.5,calcareous ooze
-19.188,9.386,0.41818181818181815,calcareous ooze
69.25,12.698,0.4454545454545455,calcareous ooze
-19.01,15.05,0.5956521739130435,sandstone
-18.0,16.0,0.5916666666666667,sandstone
11.89,48.245,0.4625,calcareous ooze
-1.677,57.648,0.5428571428571429,calcareous ooze
-13.114,61.371,0.575,calcareous ooze
-4.193,73.394,0.55,calcareous ooze
-53.552,75.975,0.41428571428571426,calcareous ooze
-62.709,82.788,0.5,calcareous ooze
-27.356,87.597,0.6,calcareous ooze
-11.337,88.718,0.4142857142857143,calcareous ooze
5.384,90.361,0.55,calcareous ooze
-10.212,93.896,0.5,calcareous ooze
-19.932,110.454,0.39999999999999997,calcareous ooze
4.792,123.503,0.47000000000000003,calcareous ooze
15.819,124.651,0.5,calcareous ooze
-9.507,151.573,0.4666666666666667,calcareous ooze
32.403,156.572,0.45,calcareous ooze
-0.499,158.512,0.5857142857142856,calcareous ooze
41.08,159.963,0.56,siliceous ooze
10.098,162.866,0.6,calcareous ooze
-46.045,166.546,0.5,sandstone
-46.052,166.584,0.5,sandstone
-46.159,166.606,0.5,sandstone
-46.21,166.696,0.5,sandstone
-46.219,166.769,0.5,sandstone
-46.221,166.914,0.5,sandstone
-46.231,166.948,0.5,carbonate
-46.16,167.108,0.5,sandstone
-46.355,167.157,0.5,sandstone
-46.625,167.172,0.5,sandstone
-46.045,167.243,0.5,sandstone
-46.122,167.254,0.5,conglomerate
-46.108,167.338,0.5,sandstone
-46.135,167.338,0.5,sandstone
-45.917,167.389,0.5,sandstone
-46.078,167.415,0.5,sandstone
-45.937,167.438,0.5,sandstone
-45.75,167.491,0.5,conglomerate
-45.548,167.534,0.5,conglomerate
-45.806,167.586,0.5,sandstone
-45.415,167.602,0.5,sandstone
-45.672,167.632,0.5,conglomerate
-45.773,167.651,0.5,sandstone
-45.095,167.661,0.5,sandstone
-45.891,167.669,0.5,sandstone
-45.196,167.689,0.5,sandstone
-46.115,167.695,0.5,sandstone
-45.337,167.703,0.5,sandstone
-46.258,167.749,0.5,sandstone
-44.984,167.82,0.5,conglomerate
-44.456,167.86,0.5,sandstone
-45.938,167.889,0.5,sandstone
-45.564,167.926,0.5,sandstone
-44.384,167.957,0.5,sandstone
-45.035,167.968,0.5,sandstone
-45.922,167.973,0.5,sandstone
-45.584,167.975,0.5,sandstone
-45.273,168.0,0.5,sandstone
-45.482,168.016,0.5,sandstone
-44.328,168.04,0.5,sandstone
-44.27,168.082,0.5,sandstone
-44.557,168.153,0.5,conglomerate
51.45,168.337,0.5,calcareous ooze
-44.114,168.353,0.5,sandstone
-44.01,168.442,0.5,conglomerate
-44.971,168.572,0.5,conglomerate
-43.983,168.622,0.5,carbonate
-47.318,169.168,0.5,sandstone
-43.717,169.229,0.5499999999999999,sandstone
-43.635,169.432,0.5,sandstone
-49.615,169.488,0.5,sandstone
-49.615,169.549,0.5,sandstone
-49.615,169.623,0.5,sandstone
-46.29,169.927,0.5,sandstone
-43.305,170.04,0.5,breccia
-49.615,170.152,0.5,sandstone
-45.946,170.203,0.5,sandstone
-46.163,170.433,0.5,sandstone
-43.114,170.474,0.5,conglomerate
-45.881,170.503,0.5599999999999999,sandstone
-45.706,170.561,0.5,sandstone
-45.65,170.65,0.5,sandstone
-45.53,170.766,0.5,sandstone
-45.308,170.832,0.5,sandstone
-42.907,170.835,0.5,sandstone
-43.02,170.863,0.5,sandstone
-42.966,170.92,0.5,sandstone
-44.531,170.928,0.5,sandstone
-44.294,170.954,0.5,sandstone
-44.453,170.955,0.5,sandstone
-44.801,170.98,0.5,sandstone
-45.056,170.997,0.575,sandstone
-45.056,170.998,0.5599999999999999,sandstone
-44.398,171.033,0.5499999999999999,sandstone
-43.894,171.059,0.5,sandstone
-42.728,171.091,0.575,sandstone
-42.717,171.117,0.5,sandstone
-45.238,171.125,0.5599999999999999,sandstone
-42.588,171.13,0.5,sandstone
-42.638,171.138,0.5,mudstone
-43.76,171.153,0.5599999999999999,sandstone
-45.489,171.164,0.5,sandstone
-43.696,171.186,0.5,sandstone
-43.781,171.19,0.5,sandstone
-42.208,171.222,0.5,sandstone
-42.444,171.228,0.5,sandstone
-43.673,171.291,0.575,sandstone
-43.671,171.331,0.575,sandstone
-42.404,171.35,0.5,sandstone
-42.075,171.355,0.5,sandstone
-42.032,171.382,0.5,sandstone
-43.638,171.411,0.575,sandstone
-41.97,171.441,0.5,sandstone
-42.446,171.442,0.5,sandstone
-41.912,171.443,0.5,sandstone
-43.6,171.455,0.575,sandstone
-43.393,171.468,0.5,sandstone
-41.749,171.47,0.5,sandstone
-43.585,171.482,0.575,sandstone
-42.362,171.56,0.5,sandstone
-43.174,171.58,0.5,sandstone
-43.501,171.632,0.575,sandstone
-43.558,171.741,0.5599999999999999,sandstone
-41.727,171.777,0.5,sandstone
-42.368,171.832,0.5,conglomerate
-41.248,171.874,0.5,sandstone
-44.971,171.896,0.5499999999999999,sandstone
-43.921,171.901,0.575,sandstone
-41.839,171.928,0.5,sandstone
-43.278,171.945,0.5599999999999999,sandstone
-40.854,171.946,0.5,sandstone
-43.489,171.958,0.5499999999999999,sandstone
-43.25,172.017,0.5599999999999999,sandstone
-41.787,172.034,0.5,sandstone
-43.292,172.044,0.5599999999999999,sandstone
-41.139,172.112,0.5,sandstone
-43.387,172.135,0.6125,sandstone
-41.765,172.185,0.5,carbonate
-41.149,172.186,0.5,sandstone
-41.78,172.247,0.5,sandstone
-43.217,172.276,0.6,sandstone
-41.27,172.278,0.5,carbonate
-40.443,172.283,0.5,sandstone
-41.774,172.293,0.5,sandstone
-41.826,172.402,0.5,sandstone
-43.16,172.45,0.5,sandstone
-41.213,172.454,0.5,sandstone
-43.15,172.461,0.5,sandstone
-41.254,172.492,0.5,carbonate
-43.144,172.495,0.5,sandstone
-43.016,172.524,0.5,sandstone
-43.138,172.527,0.5,sandstone
-44.188,172.636,0.5,sandstone
-38.939,172.639,0.5,sandstone
-40.745,172.654,0.5,sandstone
-43.009,172.669,0.5,sandstone
-38.811,172.692,0.5,sandstone
-39.811,172.698,0.5,sandstone
-43.653,172.71,0.575,sandstone
-41.323,172.716,0.5,sandstone
-40.527,172.731,0.5,sandstone
-43.98,172.78,0.5,sandstone
-43.984,172.785,0.5,sandstone
-40.818,172.787,0.5,sandstone
-41.372,172.815,0.5,conglomerate
-40.83,172.906,0.5,sandstone
-34.466,172.943,0.5,sandstone
-42.93,173.046,0.5,sandstone
-41.236,173.088,0.5,conglomerate
-42.901,173.098,0.5,sandstone
-35.053,173.193,0.5,sandstone
-40.04,173.241,0.5,sandstone
-40.2,173.272,0.5,sandstone
-38.975,173.273,0.5,sandstone
-42.908,173.273,0.5,sandstone
-41.267,173.283,0.5,sandstone
-41.285,173.287,0.5,sandstone
-38.464,173.308,0.5,sandstone
-39.671,173.31,0.5,sandstone
-39.969,173.312,0.5,sandstone
-42.62,173.336,0.5,sandstone
-39.875,173.339,0.5,sandstone
-42.261,173.349,0.5599999999999999,sandstone
-40.315,173.397,0.5,sandstone
-42.279,173.428,0.6,sandstone
-40.722,173.447,0.5,sandstone
-39.613,173.449,0.5,sandstone
-39.536,173.451,0.5,sandstone
-35.108,173.451,0.5,mudstone
-39.113,173.475,0.5,sandstone
-40.524,173.484,0.5,sandstone
-42.384,173.488,0.5,sandstone
-42.545,173.49,0.5,sandstone
-42.552,173.504,0.5,sandstone
-38.857,173.539,0.5,sandstone
-35.213,173.638,0.5,mudstone
-42.425,173.682,0.5,sandstone
-38.201,173.698,0.5,sandstone
-38.804,173.711,0.5,sandstone
-41.833,173.728,0.5,conglomerate
-42.269,173.737,0.5,sandstone
-41.962,173.799,0.5,conglomerate
-41.866,173.802,0.5,mudstone
-38.383,173.859,0.5599999999999999,sandstone
-41.965,173.861,0.5599999999999999,sandstone
-42.208,173.863,0.5,sandstone
-38.18,173.879,0.5,sandstone
-42.121,173.911,0.5,sandstone
-38.158,173.94,0.5,sandstone
-35.361,173.942,0.65,sandstone
-42.055,173.956,0.5,conglomerate
-41.283,174.0,0.5,sandstone
-35.405,174.05,0.5,sandstone
-41.935,174.055,0.5,carbonate
-35.48,174.075,0.5,carbonate
-37.885,174.099,0.5499999999999999,sandstone
-39.847,174.125,0.5,sandstone
-39.847,174.127,0.5,sandstone
-39.828,174.127,0.5,sandstone
-35.528,174.149,0.5,carbonate
-39.167,174.153,0.5599999999999999,sandstone
-39.722,174.161,0.5,sandstone
-41.873,174.164,0.5,carbonate
-40.085,174.164,0.5,sandstone
-39.205,174.17,0.575,sandstone
-39.494,174.17,0.575,sandstone
-38.187,174.171,0.5599999999999999,sandstone
-41.837,174.197,0.5,carbonate
-41.821,174.2,0.5,sandstone
-38.928,174.205,0.5428571428571428,sandstone
-38.304,174.247,0.5,sandstone
-35.581,174.268,0.5,sandstone
-35.985,174.28,0.5,conglomerate
-36.264,174.302,0.5,sandstone
-39.661,174.357,0.5,sandstone
-35.706,174.358,0.5599999999999999,sandstone
-35.839,174.365,0.5,carbonate
-39.388,174.372,0.5,sandstone
-39.366,174.401,0.5,sandstone
-39.414,174.403,0.5,sandstone
-39.685,174.417,0.5,sandstone
-38.493,174.425,0.5,sandstone
-36.428,174.461,0.5,sandstone
-38.718,174.479,0.5,sandstone
-38.711,174.525,0.5,sandstone
-39.224,174.562,0.5,conglomerate
-38.558,174.567,0.5,sandstone
-38.667,174.631,0.5,sandstone
-38.203,174.632,0.5,sandstone
-35.576,174.69,0.5,sandstone
-39.318,174.707,0.5,sandstone
-36.911,174.728,0.575,sandstone
-38.614,174.733,0.5,sandstone
-37.528,174.762,0.5,sandstone
-39.077,174.812,0.5,sandstone
-37.121,174.897,0.5,sandstone
-38.111,174.937,0.5599999999999999,sandstone
-37.337,174.944,0.6,sandstone
-39.194,174.961,0.5,sandstone
-38.834,174.967,0.5,mudstone
-37.2,174.971,0.575,sandstone
-37.28,175.019,0.5,sandstone
-38.713,175.047,0.5,sandstone
-37.625,175.059,0.5,sandstone
-37.937,175.091,0.575,sandstone
-37.535,175.111,0.5,sandstone
-37.383,175.12,0.5,sandstone
-38.847,175.131,0.5,sandstone
-37.485,175.146,0.5,sandstone
-39.801,175.147,0.5,sandstone
-39.765,175.159,0.5,sandstone
-37.25,175.166,0.5,sandstone
-38.291,175.176,0.5599999999999999,sandstone
-37.751,175.18,0.5,sandstone
-38.234,175.183,0.5,sandstone
-38.13,175.184,0.5,sandstone
-37.75,175.189,0.5,sandstone
-40.205,175.207,0.5,sandstone
-37.701,175.252,0.5,sandstone
-37.579,175.269,0.5,sandstone
-37.517,175.274,0.5,sandstone
-39.182,175.289,0.5,sandstone
-39.108,175.309,0.5,sandstone
-40.833,175.333,0.5,sandstone
-38.507,175.387,0.575,sandstone
-41.566,175.445,0.5,sandstone
-41.554,175.46,0.5,sandstone
-40.991,175.472,0.5,sandstone
-39.826,175.479,0.5,sandstone
-40.2,175.5,0.5,sandstone
-41.514,175.505,0.5,sandstone
-37.301,175.54,0.5,mudstone
-37.375,175.667,0.8,volcanic
-41.115,175.774,0.5,sandstone
-39.81,175.79,0.5,conglomerate
-40.294,175.8,0.5,conglomerate
-41.139,175.813,0.5,sandstone
-41.347,175.832,0.5,sandstone
-41.307,175.848,0.5,sandstone
-37.531,175.916,0.5,mudstone
-41.253,175.918,0.5,sandstone
-41.136,175.933,0.5,conglomerate
-41.187,175.939,0.5,conglomerate
-39.815,175.955,0.5,conglomerate
-40.353,176.028,0.5,sandstone
-37.678,176.138,0.5,mudstone
-40.815,176.159,0.5,sandstone
-40.415,176.167,0.5,sandstone
-40.736,176.191,0.5,carbonate
-40.585,176.235,0.5,sandstone
-40.389,176.248,0.5,sandstone
-40.379,176.268,0.5,sandstone
-37.718,176.299,0.5,mudstone
-40.365,176.315,0.5,sandstone
-40.382,176.377,0.5,sandstone
-40.504,176.409,0.5,mudstone
-37.796,176.416,0.5,mudstone
-40.27,176.443,0.5,breccia
-40.293,176.446,0.5,breccia
-40.221,176.463,0.5,breccia
-40.44,176.47,0.5,sandstone
-40.452,176.479,0.5,sandstone
-37.836,176.594,0.5,mudstone
-40.493,176.595,0.5,sandstone
-40.394,176.638,0.5,sandstone
-40.066,176.642,0.5,mudstone
-39.981,176.662,0.5,mudstone
-39.966,176.687,0.5,sandstone
-37.885,176.739,0.5,conglomerate
-39.798,176.852,0.5,sandstone
-38.618,176.939,0.5,sandstone
-37.981,177.025,0.5,mudstone
-38.703,177.063,0.5,sandstone
-39.637,177.076,0.5,sandstone
-37.996,177.178,0.5,mudstone
-38.265,177.299,0.5,sandstone
-39.278,177.329,0.5,sandstone
-38.902,177.538,0.5,sandstone
-38.253,177.591,0.5,siltstone
-38.971,177.684,0.5,sandstone
-38.19,177.686,0.5,breccia
-38.128,177.775,0.5,mudstone
-39.064,177.815,0.5,sandstone
-38.106,177.841,0.5,breccia
-39.146,177.94,0.5,sandstone
-38.067,177.961,0.5,mudstone
-38.068,178.029,0.5,mudstone
-38.031,178.169,0.5,mudstone
-38.159,178.249,0.5,sandstone
-38.251,178.324,0.5,sandstone
